cal_year_CE,delta14C_permil,g10_nT,delta14C_geo,delta14C_solar
-10050.0,183.6,-28771.0,-197.1,380.7
-10045.0,184.6,-28771.0,-197.1,381.7
-10040.0,184.8,-28771.0,-197.1,381.9
-10035.0,184.0,-28771.0,-197.1,381.1
-10030.0,182.2,-28771.0,-197.1,379.3
-10025.0,181.8,-28771.0,-197.1,378.9
-10020.0,182.4,-28771.0,-197.1,379.5
-10015.0,182.9,-28771.0,-197.1,380.0
-10010.0,182.1,-28771.0,-197.1,379.2
-10005.0,180.6,-28771.0,-197.1,377.7
-10000.0,180.2,-28771.0,-197.1,377.3
-9995.0,181.1,-28771.0,-197.1,378.2
-9990.0,183.1,-28771.0,-197.1,380.2
-9985.0,185.4,-28771.0,-197.1,382.5
-9980.0,187.0,-28771.0,-197.1,384.1
-9975.0,187.5,-28771.0,-197.1,384.6
-9970.0,186.9,-28771.0,-197.1,384.0
-9965.0,185.8,-28771.0,-197.1,382.9
-9960.0,184.5,-28771.0,-197.1,381.6
-9955.0,183.2,-28771.0,-197.1,380.3
-9950.0,181.7,-28771.0,-197.1,378.8
-9945.0,180.1,-28771.0,-197.1,377.2
-9940.0,179.3,-28771.0,-197.1,376.4
-9935.0,179.8,-28771.0,-197.1,376.9
-9930.0,180.7,-28771.0,-197.1,377.8
-9925.0,181.1,-28771.0,-197.1,378.2
-9920.0,181.0,-28771.0,-197.1,378.1
-9915.0,180.4,-28771.0,-197.1,377.5
-9910.0,179.4,-28771.0,-197.1,376.5
-9905.0,178.3,-28771.0,-197.1,375.4
-9900.0,177.2,-28771.0,-197.1,374.3
-9895.0,176.2,-28771.0,-197.1,373.3
-9890.0,175.5,-28771.0,-197.1,372.6
-9885.0,175.3,-28771.0,-197.1,372.4
-9880.0,175.8,-28771.0,-197.1,372.9
-9875.0,176.9,-28771.0,-197.1,374.0
-9870.0,178.4,-28771.0,-197.1,375.5
-9865.0,180.1,-28771.0,-197.1,377.2
-9860.0,181.5,-28771.0,-197.1,378.6
-9855.0,182.5,-28771.0,-197.1,379.6
-9850.0,182.6,-28771.0,-197.1,379.7
-9845.0,181.7,-28771.0,-197.1,378.8
-9840.0,180.2,-28771.0,-197.1,377.3
-9835.0,178.4,-28771.0,-197.1,375.5
-9830.0,176.5,-28771.0,-197.1,373.6
-9825.0,174.9,-28771.0,-197.1,372.0
-9820.0,173.8,-28771.0,-197.1,370.9
-9815.0,173.5,-28771.0,-197.1,370.6
-9810.0,173.7,-28771.0,-197.1,370.8
-9805.0,174.4,-28771.0,-197.1,371.5
-9800.0,175.2,-28771.0,-197.1,372.3
-9795.0,176.0,-28771.0,-197.1,373.1
-9790.0,176.7,-28771.0,-197.1,373.8
-9785.0,176.9,-28771.0,-197.1,374.0
-9780.0,176.7,-28771.0,-197.1,373.8
-9775.0,176.1,-28771.0,-197.1,373.2
-9770.0,175.4,-28771.0,-197.1,372.5
-9765.0,174.6,-28771.0,-197.1,371.7
-9760.0,173.8,-28771.0,-197.1,370.9
-9755.0,173.3,-28771.0,-197.1,370.4
-9750.0,173.2,-28771.0,-197.1,370.3
-9745.0,173.6,-28771.0,-197.1,370.7
-9740.0,174.6,-28771.0,-197.1,371.7
-9735.0,175.7,-28771.0,-197.1,372.8
-9730.0,176.1,-28771.0,-197.1,373.2
-9725.0,174.9,-28771.0,-197.1,372.0
-9720.0,172.0,-28771.0,-197.1,369.1
-9715.0,168.5,-28771.0,-197.1,365.6
-9710.0,165.8,-28771.0,-197.1,362.9
-9705.0,165.2,-28771.0,-197.1,362.3
-9700.0,166.2,-28771.0,-197.1,363.3
-9695.0,167.4,-28771.0,-197.1,364.5
-9690.0,167.8,-28771.0,-197.1,364.9
-9685.0,167.2,-28771.0,-197.1,364.3
-9680.0,166.3,-28771.0,-197.1,363.4
-9675.0,165.6,-28771.0,-197.1,362.7
-9670.0,165.5,-28771.0,-197.1,362.6
-9665.0,166.0,-28771.0,-197.1,363.1
-9660.0,167.0,-28771.0,-197.1,364.1
-9655.0,168.0,-28771.0,-197.1,365.1
-9650.0,168.9,-28771.0,-197.1,366.0
-9645.0,169.2,-28771.0,-197.1,366.3
-9640.0,168.7,-28771.0,-197.1,365.8
-9635.0,167.5,-28771.0,-197.1,364.6
-9630.0,165.9,-28771.0,-197.1,363.0
-9625.0,164.4,-28771.0,-197.1,361.5
-9620.0,163.3,-28771.0,-197.1,360.4
-9615.0,162.9,-28771.0,-197.1,360.0
-9610.0,162.3,-28771.0,-197.1,359.4
-9605.0,161.1,-28771.0,-197.1,358.2
-9600.0,159.8,-28771.0,-197.1,356.9
-9595.0,158.7,-28771.0,-197.1,355.8
-9590.0,158.2,-28771.0,-197.1,355.3
-9585.0,157.7,-28771.0,-197.1,354.8
-9580.0,156.5,-28771.0,-197.1,353.6
-9575.0,154.3,-28771.0,-197.1,351.4
-9570.0,152.0,-28771.0,-197.1,349.1
-9565.0,150.6,-28771.0,-197.1,347.7
-9560.0,150.7,-28771.0,-197.1,347.8
-9555.0,151.8,-28771.0,-197.1,348.9
-9550.0,153.1,-28771.0,-197.1,350.2
-9545.0,153.7,-28771.0,-197.1,350.8
-9540.0,153.5,-28771.0,-197.1,350.6
-9535.0,152.7,-28771.0,-197.1,349.8
-9530.0,151.9,-28771.0,-197.1,349.0
-9525.0,151.3,-28771.0,-197.1,348.4
-9520.0,151.0,-28771.0,-197.1,348.1
-9515.0,150.9,-28771.0,-197.1,348.0
-9510.0,150.8,-28771.0,-197.1,347.9
-9505.0,150.1,-28771.0,-197.1,347.2
-9500.0,148.9,-28771.0,-197.1,346.0
-9495.0,147.3,-28771.0,-197.1,344.4
-9490.0,146.0,-28771.0,-197.1,343.1
-9485.0,144.9,-28771.0,-197.1,342.0
-9480.0,143.6,-28771.0,-197.1,340.7
-9475.0,141.8,-28771.0,-197.1,338.9
-9470.0,139.9,-28771.0,-197.1,337.0
-9465.0,138.6,-28771.0,-197.1,335.7
-9460.0,138.7,-28771.0,-197.1,335.8
-9455.0,140.4,-28771.0,-197.1,337.5
-9450.0,143.1,-28771.0,-197.1,340.2
-9445.0,146.1,-28771.0,-197.1,343.2
-9440.0,148.5,-28771.0,-197.1,345.6
-9435.0,149.2,-28771.0,-197.1,346.3
-9430.0,147.7,-28771.0,-197.1,344.8
-9425.0,145.0,-28771.0,-197.1,342.1
-9420.0,142.2,-28771.0,-197.1,339.3
-9415.0,140.5,-28771.0,-197.1,337.6
-9410.0,139.8,-28771.0,-197.1,336.9
-9405.0,139.8,-28771.0,-197.1,336.9
-9400.0,140.2,-28771.0,-197.1,337.3
-9395.0,140.6,-28771.0,-197.1,337.7
-9390.0,140.8,-28771.0,-197.1,337.9
-9385.0,140.6,-28771.0,-197.1,337.7
-9380.0,140.1,-28771.0,-197.1,337.2
-9375.0,140.0,-28771.0,-197.1,337.1
-9370.0,140.3,-28771.0,-197.1,337.4
-9365.0,140.6,-28771.0,-197.1,337.7
-9360.0,140.6,-28771.0,-197.1,337.7
-9355.0,140.1,-28771.0,-197.1,337.2
-9350.0,139.4,-28771.0,-197.1,336.5
-9345.0,138.5,-28771.0,-197.1,335.6
-9340.0,137.6,-28771.0,-197.1,334.7
-9335.0,136.9,-28771.0,-197.1,334.0
-9330.0,136.4,-28771.0,-197.1,333.5
-9325.0,136.5,-28771.0,-197.1,333.6
-9320.0,137.6,-28771.0,-197.1,334.7
-9315.0,139.0,-28771.0,-197.1,336.1
-9310.0,140.0,-28771.0,-197.1,337.1
-9305.0,140.4,-28771.0,-197.1,337.5
-9300.0,141.0,-28771.0,-197.1,338.1
-9295.0,142.5,-28771.0,-197.1,339.6
-9290.0,144.6,-28771.0,-197.1,341.7
-9285.0,146.4,-28771.0,-197.1,343.5
-9280.0,147.2,-28771.0,-197.1,344.3
-9275.0,147.3,-28771.0,-197.1,344.4
-9270.0,147.2,-28771.0,-197.1,344.3
-9265.0,147.3,-28771.0,-197.1,344.4
-9260.0,147.7,-28771.0,-197.1,344.8
-9255.0,148.6,-28771.0,-197.1,345.7
-9250.0,150.1,-28771.0,-197.1,347.2
-9245.0,151.8,-28771.0,-197.1,348.9
-9240.0,153.3,-28771.0,-197.1,350.4
-9235.0,154.0,-28771.0,-197.1,351.1
-9230.0,154.8,-28771.0,-197.1,351.9
-9225.0,156.1,-28771.0,-197.1,353.2
-9220.0,157.4,-28771.0,-197.1,354.5
-9215.0,157.9,-28771.0,-197.1,355.0
-9210.0,157.8,-28771.0,-197.1,354.9
-9205.0,157.5,-28771.0,-197.1,354.6
-9200.0,157.1,-28771.0,-197.1,354.2
-9195.0,157.0,-28771.0,-197.1,354.1
-9190.0,156.8,-28771.0,-197.1,353.9
-9185.0,156.3,-28771.0,-197.1,353.4
-9180.0,155.5,-28771.0,-197.1,352.6
-9175.0,154.5,-28771.0,-197.1,351.6
-9170.0,153.5,-28771.0,-197.1,350.6
-9165.0,152.9,-28771.0,-197.1,350.0
-9160.0,152.8,-28771.0,-197.1,349.9
-9155.0,153.2,-28771.0,-197.1,350.3
-9150.0,153.7,-28771.0,-197.1,350.8
-9145.0,154.0,-28771.0,-197.1,351.1
-9140.0,153.7,-28771.0,-197.1,350.8
-9135.0,153.2,-28771.0,-197.1,350.3
-9130.0,153.0,-28771.0,-197.1,350.1
-9125.0,153.6,-28771.0,-197.1,350.7
-9120.0,155.9,-28771.0,-197.1,353.0
-9115.0,159.0,-28771.0,-197.1,356.1
-9110.0,161.1,-28771.0,-197.1,358.2
-9105.0,161.4,-28771.0,-197.1,358.5
-9100.0,160.5,-28771.0,-197.1,357.6
-9095.0,159.1,-28771.0,-197.1,356.2
-9090.0,157.8,-28771.0,-197.1,354.9
-9085.0,156.0,-28771.0,-197.1,353.1
-9080.0,153.6,-28771.0,-197.1,350.7
-9075.0,151.4,-28771.0,-197.1,348.5
-9070.0,149.7,-28771.0,-197.1,346.8
-9065.0,148.8,-28771.0,-197.1,345.9
-9060.0,148.9,-28771.0,-197.1,346.0
-9055.0,149.9,-28771.0,-197.1,347.0
-9050.0,151.4,-28771.0,-197.1,348.5
-9045.0,152.8,-28771.0,-197.1,349.9
-9040.0,153.8,-28771.0,-197.1,350.9
-9035.0,153.8,-28771.0,-197.1,350.9
-9030.0,152.5,-28771.0,-197.1,349.6
-9025.0,150.2,-28771.0,-197.1,347.3
-9020.0,147.4,-28771.0,-197.1,344.5
-9015.0,144.8,-28771.0,-197.1,341.9
-9010.0,142.7,-28771.0,-197.1,339.8
-9005.0,141.2,-28771.0,-197.1,338.3
-9000.0,139.5,-28771.0,-197.1,336.6
-8995.0,137.3,-28771.0,-197.1,334.4
-8990.0,135.6,-28771.0,-197.1,332.7
-8985.0,135.0,-28771.0,-197.1,332.1
-8980.0,134.1,-28771.0,-197.1,331.2
-8975.0,132.5,-28771.0,-197.1,329.6
-8970.0,130.9,-28771.0,-197.1,328.0
-8965.0,129.6,-28771.0,-197.1,326.7
-8960.0,128.6,-28771.0,-197.1,325.7
-8955.0,127.8,-28771.0,-197.1,324.9
-8950.0,127.3,-28771.0,-197.1,324.4
-8945.0,127.1,-28771.0,-197.1,324.2
-8940.0,126.9,-28771.0,-197.1,324.0
-8935.0,126.6,-28771.0,-197.1,323.7
-8930.0,126.7,-28771.0,-197.1,323.8
-8925.0,127.7,-28771.0,-197.1,324.8
-8920.0,129.2,-28771.0,-197.1,326.3
-8915.0,130.3,-28771.0,-197.1,327.4
-8910.0,130.2,-28771.0,-197.1,327.3
-8905.0,129.0,-28771.0,-197.1,326.1
-8900.0,127.2,-28771.0,-197.1,324.3
-8895.0,125.4,-28771.0,-197.1,322.5
-8890.0,123.9,-28771.0,-197.1,321.0
-8885.0,122.7,-28771.0,-197.1,319.8
-8880.0,122.0,-28771.0,-197.1,319.1
-8875.0,121.6,-28771.0,-197.1,318.7
-8870.0,121.3,-28771.0,-197.1,318.4
-8865.0,121.1,-28771.0,-197.1,318.2
-8860.0,121.0,-28771.0,-197.1,318.1
-8855.0,120.9,-28771.0,-197.1,318.0
-8850.0,120.9,-28771.0,-197.1,318.0
-8845.0,121.0,-28771.0,-197.1,318.1
-8840.0,121.3,-28771.0,-197.1,318.4
-8835.0,121.6,-28771.0,-197.1,318.7
-8830.0,122.0,-28771.0,-197.1,319.1
-8825.0,122.3,-28771.0,-197.1,319.4
-8820.0,122.6,-28771.0,-197.1,319.7
-8815.0,122.9,-28771.0,-197.1,320.0
-8810.0,123.0,-28771.0,-197.1,320.1
-8805.0,123.2,-28771.0,-197.1,320.3
-8800.0,123.2,-28771.0,-197.1,320.3
-8795.0,123.2,-28771.0,-197.1,320.3
-8790.0,123.2,-28771.0,-197.1,320.3
-8785.0,123.2,-28771.0,-197.1,320.3
-8780.0,123.1,-28771.0,-197.1,320.2
-8775.0,122.9,-28771.0,-197.1,320.0
-8770.0,122.8,-28771.0,-197.1,319.9
-8765.0,122.7,-28771.0,-197.1,319.8
-8760.0,122.7,-28771.0,-197.1,319.8
-8755.0,122.9,-28771.0,-197.1,320.0
-8750.0,123.3,-28771.0,-197.1,320.4
-8745.0,124.0,-28771.0,-197.1,321.1
-8740.0,124.7,-28771.0,-197.1,321.8
-8735.0,125.1,-28771.0,-197.1,322.2
-8730.0,124.9,-28771.0,-197.1,322.0
-8725.0,124.3,-28771.0,-197.1,321.4
-8720.0,123.5,-28771.0,-197.1,320.6
-8715.0,122.8,-28771.0,-197.1,319.9
-8710.0,122.7,-28771.0,-197.1,319.8
-8705.0,123.4,-28771.0,-197.1,320.5
-8700.0,124.8,-28771.0,-197.1,321.9
-8695.0,126.2,-28771.0,-197.1,323.3
-8690.0,126.6,-28771.0,-197.1,323.7
-8685.0,125.6,-28771.0,-197.1,322.7
-8680.0,123.7,-28771.0,-197.1,320.8
-8675.0,121.6,-28771.0,-197.1,318.7
-8670.0,119.4,-28771.0,-197.1,316.5
-8665.0,117.3,-28771.0,-197.1,314.4
-8660.0,115.9,-28771.0,-197.1,313.0
-8655.0,115.8,-28771.0,-197.1,312.9
-8650.0,116.1,-28771.0,-197.1,313.2
-8645.0,116.2,-28771.0,-197.1,313.3
-8640.0,116.5,-28771.0,-197.1,313.6
-8635.0,117.2,-28771.0,-197.1,314.3
-8630.0,118.8,-28771.0,-197.1,315.9
-8625.0,120.6,-28771.0,-197.1,317.7
-8620.0,122.2,-28771.0,-197.1,319.3
-8615.0,123.0,-28771.0,-197.1,320.1
-8610.0,123.5,-28771.0,-197.1,320.6
-8605.0,123.8,-28771.0,-197.1,320.9
-8600.0,123.7,-28771.0,-197.1,320.8
-8595.0,123.1,-28771.0,-197.1,320.2
-8590.0,121.7,-28771.0,-197.1,318.8
-8585.0,119.9,-28771.0,-197.1,317.0
-8580.0,118.3,-28771.0,-197.1,315.4
-8575.0,117.4,-28771.0,-197.1,314.5
-8570.0,117.1,-28771.0,-197.1,314.2
-8565.0,117.4,-28771.0,-197.1,314.5
-8560.0,118.3,-28771.0,-197.1,315.4
-8555.0,119.5,-28771.0,-197.1,316.6
-8550.0,120.9,-28771.0,-197.1,318.0
-8545.0,122.2,-28771.0,-197.1,319.3
-8540.0,123.6,-28771.0,-197.1,320.7
-8535.0,124.9,-28771.0,-197.1,322.0
-8530.0,125.8,-28771.0,-197.1,322.9
-8525.0,126.0,-28771.0,-197.1,323.1
-8520.0,124.9,-28771.0,-197.1,322.0
-8515.0,122.3,-28771.0,-197.1,319.4
-8510.0,119.2,-28771.0,-197.1,316.3
-8505.0,116.4,-28771.0,-197.1,313.5
-8500.0,114.6,-28771.0,-197.1,311.7
-8495.0,113.9,-28771.0,-197.1,311.0
-8490.0,114.5,-28771.0,-197.1,311.6
-8485.0,115.5,-28771.0,-197.1,312.6
-8480.0,116.1,-28771.0,-197.1,313.2
-8475.0,116.2,-28771.0,-197.1,313.3
-8470.0,116.0,-28771.0,-197.1,313.1
-8465.0,116.0,-28771.0,-197.1,313.1
-8460.0,116.3,-28771.0,-197.1,313.4
-8455.0,116.8,-28771.0,-197.1,313.9
-8450.0,116.7,-28771.0,-197.1,313.8
-8445.0,115.9,-28771.0,-197.1,313.0
-8440.0,115.0,-28771.0,-197.1,312.1
-8435.0,114.3,-28771.0,-197.1,311.4
-8430.0,114.1,-28771.0,-197.1,311.2
-8425.0,114.2,-28771.0,-197.1,311.3
-8420.0,114.5,-28771.0,-197.1,311.6
-8415.0,114.5,-28771.0,-197.1,311.6
-8410.0,114.1,-28771.0,-197.1,311.2
-8405.0,112.7,-28771.0,-197.1,309.8
-8400.0,111.1,-28771.0,-197.1,308.2
-8395.0,110.0,-28771.0,-197.1,307.1
-8390.0,110.3,-28771.0,-197.1,307.4
-8385.0,111.4,-28771.0,-197.1,308.5
-8380.0,111.7,-28771.0,-197.1,308.8
-8375.0,110.3,-28771.0,-197.1,307.4
-8370.0,108.1,-28771.0,-197.1,305.2
-8365.0,106.1,-28771.0,-197.1,303.2
-8360.0,105.1,-28771.0,-197.1,302.2
-8355.0,105.0,-28771.0,-197.1,302.1
-8350.0,105.5,-28771.0,-197.1,302.6
-8345.0,106.1,-28771.0,-197.1,303.2
-8340.0,106.5,-28771.0,-197.1,303.6
-8335.0,106.7,-28771.0,-197.1,303.8
-8330.0,106.5,-28771.0,-197.1,303.6
-8325.0,106.1,-28771.0,-197.1,303.2
-8320.0,105.5,-28771.0,-197.1,302.6
-8315.0,104.8,-28771.0,-197.1,301.9
-8310.0,104.3,-28771.0,-197.1,301.4
-8305.0,104.5,-28771.0,-197.1,301.6
-8300.0,106.1,-28771.0,-197.1,303.2
-8295.0,109.0,-28771.0,-197.1,306.1
-8290.0,111.8,-28771.0,-197.1,308.9
-8285.0,114.1,-28771.0,-197.1,311.2
-8280.0,116.1,-28771.0,-197.1,313.2
-8275.0,117.9,-28771.0,-197.1,315.0
-8270.0,118.7,-28771.0,-197.1,315.8
-8265.0,118.4,-28771.0,-197.1,315.5
-8260.0,117.9,-28771.0,-197.1,315.0
-8255.0,117.9,-28771.0,-197.1,315.0
-8250.0,118.6,-28771.0,-197.1,315.7
-8245.0,119.7,-28771.0,-197.1,316.8
-8240.0,120.8,-28771.0,-197.1,317.9
-8235.0,121.9,-28771.0,-197.1,319.0
-8230.0,123.1,-28771.0,-197.1,320.2
-8225.0,124.4,-28771.0,-197.1,321.5
-8220.0,125.0,-28771.0,-197.1,322.1
-8215.0,124.9,-28771.0,-197.1,322.0
-8210.0,124.6,-28771.0,-197.1,321.7
-8205.0,124.9,-28771.0,-197.1,322.0
-8200.0,126.0,-28771.0,-197.1,323.1
-8195.0,126.6,-28771.0,-197.1,323.7
-8190.0,126.1,-28771.0,-197.1,323.2
-8185.0,125.2,-28771.0,-197.1,322.3
-8180.0,124.7,-28771.0,-197.1,321.8
-8175.0,124.6,-28771.0,-197.1,321.7
-8170.0,125.1,-28771.0,-197.1,322.2
-8165.0,126.1,-28771.0,-197.1,323.2
-8160.0,127.3,-28771.0,-197.1,324.4
-8155.0,127.9,-28771.0,-197.1,325.0
-8150.0,127.3,-28771.0,-197.1,324.4
-8145.0,125.8,-28771.0,-197.1,322.9
-8140.0,124.6,-28771.0,-197.1,321.7
-8135.0,123.9,-28771.0,-197.1,321.0
-8130.0,123.3,-28771.0,-197.1,320.4
-8125.0,122.4,-28771.0,-197.1,319.5
-8120.0,120.9,-28771.0,-197.1,318.0
-8115.0,118.3,-28771.0,-197.1,315.4
-8110.0,115.1,-28771.0,-197.1,312.2
-8105.0,112.4,-28771.0,-197.1,309.5
-8100.0,111.5,-28771.0,-197.1,308.6
-8095.0,112.3,-28771.0,-197.1,309.4
-8090.0,113.5,-28771.0,-197.1,310.6
-8085.0,113.9,-28771.0,-197.1,311.0
-8080.0,113.4,-28771.0,-197.1,310.5
-8075.0,111.7,-28771.0,-197.1,308.8
-8070.0,109.8,-28771.0,-197.1,306.9
-8065.0,108.9,-28771.0,-197.1,306.0
-8060.0,110.2,-28771.0,-197.1,307.3
-8055.0,111.2,-28771.0,-197.1,308.3
-8050.0,111.0,-28771.0,-197.1,308.1
-8045.0,109.7,-28771.0,-197.1,306.8
-8040.0,107.4,-28771.0,-197.1,304.5
-8035.0,104.4,-28771.0,-197.1,301.5
-8030.0,101.5,-28771.0,-197.1,298.6
-8025.0,99.8,-28771.0,-197.1,296.9
-8020.0,100.0,-28771.0,-197.1,297.1
-8015.0,101.7,-28771.0,-197.1,298.8
-8010.0,103.4,-28771.0,-197.1,300.5
-8005.0,104.3,-28771.0,-197.1,301.4
-8000.0,104.1,-28771.0,-197.1,301.2
-7995.0,103.2,-28771.0,-197.1,300.3
-7990.0,101.9,-28771.0,-197.1,299.0
-7985.0,100.7,-28771.0,-197.1,297.8
-7980.0,99.8,-28771.0,-197.1,296.9
-7975.0,99.2,-28771.0,-197.1,296.3
-7970.0,98.9,-28771.0,-197.1,296.0
-7965.0,99.2,-28771.0,-197.1,296.3
-7960.0,99.9,-28771.0,-197.1,297.0
-7955.0,101.1,-28771.0,-197.1,298.2
-7950.0,102.5,-28771.0,-197.1,299.6
-7945.0,104.0,-28771.0,-197.1,301.1
-7940.0,105.4,-28771.0,-197.1,302.5
-7935.0,106.5,-28771.0,-197.1,303.6
-7930.0,107.0,-28771.0,-197.1,304.1
-7925.0,106.7,-28771.0,-197.1,303.8
-7920.0,105.5,-28771.0,-197.1,302.6
-7915.0,104.2,-28771.0,-197.1,301.3
-7910.0,103.1,-28771.0,-197.1,300.2
-7905.0,102.2,-28771.0,-197.1,299.3
-7900.0,101.3,-28771.0,-197.1,298.4
-7895.0,100.1,-28771.0,-197.1,297.2
-7890.0,98.6,-28771.0,-197.1,295.7
-7885.0,97.3,-28771.0,-197.1,294.4
-7880.0,96.3,-28771.0,-197.1,293.4
-7875.0,95.8,-28771.0,-197.1,292.9
-7870.0,95.5,-28771.0,-197.1,292.6
-7865.0,95.2,-28771.0,-197.1,292.3
-7860.0,94.8,-28771.0,-197.1,291.9
-7855.0,94.3,-28771.0,-197.1,291.4
-7850.0,93.6,-28771.0,-197.1,290.7
-7845.0,93.0,-28771.0,-197.1,290.1
-7840.0,92.4,-28771.0,-197.1,289.5
-7835.0,92.1,-28771.0,-197.1,289.2
-7830.0,92.0,-28771.0,-197.1,289.1
-7825.0,92.0,-28771.0,-197.1,289.1
-7820.0,92.1,-28771.0,-197.1,289.2
-7815.0,92.1,-28771.0,-197.1,289.2
-7810.0,91.9,-28771.0,-197.1,289.0
-7805.0,91.5,-28771.0,-197.1,288.6
-7800.0,91.0,-28771.0,-197.1,288.1
-7795.0,90.5,-28771.0,-197.1,287.6
-7790.0,90.0,-28771.0,-197.1,287.1
-7785.0,89.5,-28771.0,-197.1,286.6
-7780.0,89.0,-28771.0,-197.1,286.1
-7775.0,88.5,-28771.0,-197.1,285.6
-7770.0,88.1,-28771.0,-197.1,285.2
-7765.0,87.7,-28771.0,-197.1,284.8
-7760.0,87.4,-28771.0,-197.1,284.5
-7755.0,87.2,-28771.0,-197.1,284.3
-7750.0,87.2,-28771.0,-197.1,284.3
-7745.0,87.5,-28771.0,-197.1,284.6
-7740.0,88.3,-28771.0,-197.1,285.4
-7735.0,89.2,-28771.0,-197.1,286.3
-7730.0,89.9,-28771.0,-197.1,287.0
-7725.0,90.0,-28771.0,-197.1,287.1
-7720.0,89.4,-28771.0,-197.1,286.5
-7715.0,88.9,-28771.0,-197.1,286.0
-7710.0,88.9,-28771.0,-197.1,286.0
-7705.0,89.2,-28771.0,-197.1,286.3
-7700.0,88.8,-28771.0,-197.1,285.9
-7695.0,87.5,-28771.0,-197.1,284.6
-7690.0,85.9,-28771.0,-197.1,283.0
-7685.0,84.9,-28771.0,-197.1,282.0
-7680.0,84.5,-28771.0,-197.1,281.6
-7675.0,84.6,-28771.0,-197.1,281.7
-7670.0,84.1,-28771.0,-197.1,281.2
-7665.0,83.0,-28771.0,-197.1,280.1
-7660.0,82.2,-28771.0,-197.1,279.3
-7655.0,82.2,-28771.0,-197.1,279.3
-7650.0,82.6,-28771.0,-197.1,279.7
-7645.0,82.9,-28771.0,-197.1,280.0
-7640.0,82.7,-28771.0,-197.1,279.8
-7635.0,82.2,-28771.0,-197.1,279.3
-7630.0,81.2,-28771.0,-197.1,278.3
-7625.0,79.8,-28771.0,-197.1,276.9
-7620.0,77.9,-28771.0,-197.1,275.0
-7615.0,76.6,-28771.0,-197.1,273.7
-7610.0,76.7,-28771.0,-197.1,273.8
-7605.0,78.3,-28771.0,-197.1,275.4
-7600.0,80.9,-28771.0,-197.1,278.0
-7595.0,84.5,-28771.0,-197.1,281.6
-7590.0,89.0,-28771.0,-197.1,286.1
-7585.0,93.5,-28771.0,-197.1,290.6
-7580.0,97.4,-28771.0,-197.1,294.5
-7575.0,100.1,-28771.0,-197.1,297.2
-7570.0,101.4,-28771.0,-197.1,298.5
-7565.0,100.6,-28771.0,-197.1,297.7
-7560.0,98.4,-28771.0,-197.1,295.5
-7555.0,96.5,-28771.0,-197.1,293.6
-7550.0,95.6,-28771.0,-197.1,292.7
-7545.0,95.6,-28771.0,-197.1,292.7
-7540.0,96.5,-28771.0,-197.1,293.6
-7535.0,97.8,-28771.0,-197.1,294.9
-7530.0,99.2,-28771.0,-197.1,296.3
-7525.0,100.4,-28771.0,-197.1,297.5
-7520.0,101.4,-28771.0,-197.1,298.5
-7515.0,102.2,-28771.0,-197.1,299.3
-7510.0,102.7,-28771.0,-197.1,299.8
-7505.0,102.9,-28771.0,-197.1,300.0
-7500.0,102.8,-28771.0,-197.1,299.9
-7495.0,102.5,-28801.0,-195.9,298.4
-7490.0,102.2,-28831.0,-194.7,296.9
-7485.0,102.3,-28860.0,-193.5,295.8
-7480.0,102.9,-28890.0,-192.3,295.2
-7475.0,104.0,-28920.0,-191.1,295.1
-7470.0,105.0,-28950.0,-189.9,294.9
-7465.0,105.3,-28980.0,-188.7,294.0
-7460.0,105.4,-29010.0,-187.5,292.9
-7455.0,106.3,-29040.0,-186.3,292.6
-7450.0,107.9,-29070.0,-185.1,293.0
-7445.0,109.1,-29101.0,-183.9,293.0
-7440.0,108.9,-29131.0,-182.6,291.5
-7435.0,107.4,-29161.0,-181.4,288.8
-7430.0,105.5,-29192.0,-180.2,285.7
-7425.0,104.7,-29222.0,-179.0,283.7
-7420.0,104.5,-29252.0,-177.8,282.3
-7415.0,103.3,-29283.0,-176.6,279.9
-7410.0,101.3,-29313.0,-175.4,276.7
-7405.0,99.4,-29343.0,-174.1,273.5
-7400.0,97.8,-29374.0,-172.9,270.7
-7395.0,96.1,-29405.0,-171.7,267.8
-7390.0,94.6,-29435.0,-170.5,265.1
-7385.0,93.7,-29466.0,-169.2,262.9
-7380.0,93.6,-29497.0,-168.0,261.6
-7375.0,94.2,-29528.0,-166.8,261.0
-7370.0,94.9,-29559.0,-165.5,260.4
-7365.0,95.3,-29590.0,-164.3,259.6
-7360.0,95.5,-29621.0,-163.0,258.5
-7355.0,95.6,-29651.0,-161.8,257.4
-7350.0,95.7,-29682.0,-160.6,256.3
-7345.0,95.8,-29715.0,-159.3,255.1
-7340.0,96.1,-29748.0,-158.0,254.1
-7335.0,96.6,-29780.0,-156.7,253.3
-7330.0,97.3,-29813.0,-155.4,252.7
-7325.0,98.2,-29845.0,-154.1,252.3
-7320.0,99.1,-29878.0,-152.7,251.8
-7315.0,99.8,-29911.0,-151.4,251.2
-7310.0,100.1,-29943.0,-150.1,250.2
-7305.0,100.1,-29976.0,-148.8,248.9
-7300.0,99.8,-30009.0,-147.5,247.3
-7295.0,99.2,-30043.0,-146.1,245.3
-7290.0,98.5,-30078.0,-144.8,243.3
-7285.0,97.6,-30113.0,-143.4,241.0
-7280.0,96.5,-30147.0,-142.0,238.5
-7275.0,95.5,-30182.0,-140.6,236.1
-7270.0,94.5,-30217.0,-139.2,233.7
-7265.0,93.6,-30251.0,-137.8,231.4
-7260.0,92.8,-30286.0,-136.4,229.2
-7255.0,92.6,-30320.0,-135.1,227.7
-7250.0,93.0,-30355.0,-133.7,226.7
-7245.0,93.7,-30391.0,-132.3,226.0
-7240.0,93.9,-30426.0,-130.8,224.7
-7235.0,93.0,-30461.0,-129.4,222.4
-7230.0,90.9,-30497.0,-128.0,218.9
-7225.0,88.4,-30532.0,-126.6,215.0
-7220.0,85.9,-30567.0,-125.2,211.1
-7215.0,84.0,-30603.0,-123.8,207.8
-7210.0,82.9,-30638.0,-122.3,205.2
-7205.0,82.5,-30674.0,-120.9,203.4
-7200.0,82.8,-30709.0,-119.5,202.3
-7195.0,83.7,-30745.0,-118.1,201.8
-7190.0,84.7,-30781.0,-116.6,201.3
-7185.0,85.5,-30817.0,-115.2,200.7
-7180.0,86.6,-30853.0,-113.8,200.4
-7175.0,88.2,-30888.0,-112.3,200.5
-7170.0,89.5,-30924.0,-110.9,200.4
-7165.0,89.2,-30960.0,-109.5,198.7
-7160.0,87.9,-30996.0,-108.0,195.9
-7155.0,86.5,-31032.0,-106.6,193.1
-7150.0,85.4,-31068.0,-105.2,190.6
-7145.0,85.0,-31104.0,-103.7,188.7
-7140.0,85.5,-31141.0,-102.3,187.8
-7135.0,86.7,-31177.0,-100.8,187.5
-7130.0,87.7,-31213.0,-99.3,187.0
-7125.0,87.7,-31250.0,-97.9,185.6
-7120.0,87.0,-31286.0,-96.4,183.4
-7115.0,86.0,-31323.0,-95.0,181.0
-7110.0,84.9,-31359.0,-93.5,178.4
-7105.0,82.9,-31395.0,-92.1,175.0
-7100.0,80.3,-31432.0,-90.6,170.9
-7095.0,77.9,-31469.0,-89.1,167.0
-7090.0,76.7,-31507.0,-87.6,164.3
-7085.0,77.0,-31544.0,-86.1,163.1
-7080.0,78.8,-31582.0,-84.6,163.4
-7075.0,81.3,-31619.0,-83.1,164.4
-7070.0,83.0,-31656.0,-81.6,164.6
-7065.0,84.1,-31694.0,-80.1,164.2
-7060.0,86.0,-31731.0,-78.6,164.6
-7055.0,87.7,-31769.0,-77.1,164.8
-7050.0,88.6,-31806.0,-75.6,164.2
-7045.0,91.0,-31843.0,-74.2,165.2
-7040.0,93.7,-31879.0,-72.7,166.4
-7035.0,95.6,-31916.0,-71.2,166.8
-7030.0,96.9,-31953.0,-69.8,166.7
-7025.0,98.0,-31989.0,-68.3,166.3
-7020.0,98.6,-32026.0,-66.8,165.4
-7015.0,98.3,-32062.0,-65.4,163.7
-7010.0,96.8,-32099.0,-63.9,160.7
-7005.0,95.2,-32136.0,-62.4,157.6
-7000.0,94.5,-32172.0,-61.0,155.5
-6995.0,94.0,-32209.0,-59.5,153.5
-6990.0,93.5,-32245.0,-58.1,151.6
-6985.0,93.4,-32281.0,-56.6,150.0
-6980.0,93.5,-32317.0,-55.2,148.7
-6975.0,93.1,-32353.0,-53.7,146.8
-6970.0,91.5,-32390.0,-52.3,143.8
-6965.0,88.9,-32426.0,-50.8,139.7
-6960.0,86.5,-32462.0,-49.4,135.9
-6955.0,85.2,-32498.0,-47.9,133.1
-6950.0,85.2,-32535.0,-46.5,131.7
-6945.0,86.4,-32569.0,-45.1,131.5
-6940.0,87.3,-32604.0,-43.7,131.0
-6935.0,86.3,-32639.0,-42.3,128.6
-6930.0,84.0,-32674.0,-40.9,124.9
-6925.0,81.9,-32708.0,-39.5,121.4
-6920.0,81.1,-32743.0,-38.1,119.2
-6915.0,81.9,-32778.0,-36.8,118.7
-6910.0,83.1,-32813.0,-35.4,118.5
-6905.0,83.9,-32848.0,-34.0,117.9
-6900.0,84.2,-32882.0,-32.6,116.8
-6895.0,84.0,-32912.0,-31.4,115.4
-6890.0,83.0,-32942.0,-30.2,113.2
-6885.0,81.0,-32971.0,-29.0,110.0
-6880.0,78.1,-33001.0,-27.8,105.9
-6875.0,75.4,-33030.0,-26.7,102.1
-6870.0,73.8,-33060.0,-25.5,99.3
-6865.0,73.6,-33090.0,-24.3,97.9
-6860.0,74.0,-33119.0,-23.1,97.1
-6855.0,73.7,-33149.0,-21.9,95.6
-6850.0,72.9,-33178.0,-20.7,93.6
-6845.0,72.1,-33199.0,-19.9,92.0
-6840.0,71.5,-33220.0,-19.1,90.6
-6835.0,71.6,-33241.0,-18.2,89.8
-6830.0,72.3,-33262.0,-17.4,89.7
-6825.0,73.7,-33283.0,-16.6,90.3
-6820.0,74.9,-33304.0,-15.7,90.6
-6815.0,75.1,-33324.0,-14.9,90.0
-6810.0,74.6,-33345.0,-14.1,88.7
-6805.0,74.0,-33366.0,-13.2,87.2
-6800.0,73.4,-33387.0,-12.4,85.8
-6795.0,72.9,-33395.0,-12.1,85.0
-6790.0,71.9,-33402.0,-11.8,83.7
-6785.0,70.4,-33410.0,-11.5,81.9
-6780.0,69.4,-33418.0,-11.2,80.6
-6775.0,69.7,-33425.0,-10.9,80.6
-6770.0,70.7,-33433.0,-10.6,81.3
-6765.0,71.2,-33441.0,-10.2,81.4
-6760.0,70.4,-33448.0,-9.9,80.3
-6755.0,69.2,-33456.0,-9.6,78.8
-6750.0,68.7,-33464.0,-9.3,78.0
-6745.0,69.1,-33457.0,-9.6,78.7
-6740.0,69.3,-33451.0,-9.9,79.2
-6735.0,69.2,-33444.0,-10.1,79.3
-6730.0,68.3,-33437.0,-10.4,78.7
-6725.0,66.9,-33431.0,-10.6,77.5
-6720.0,65.0,-33424.0,-10.9,75.9
-6715.0,63.0,-33418.0,-11.2,74.2
-6710.0,61.7,-33411.0,-11.4,73.1
-6705.0,61.7,-33405.0,-11.7,73.4
-6700.0,62.6,-33398.0,-12.0,74.6
-6695.0,63.8,-33376.0,-12.8,76.6
-6690.0,65.5,-33354.0,-13.7,79.2
-6685.0,67.3,-33333.0,-14.6,81.9
-6680.0,68.4,-33311.0,-15.4,83.8
-6675.0,68.1,-33289.0,-16.3,84.4
-6670.0,66.5,-33267.0,-17.2,83.7
-6665.0,64.6,-33245.0,-18.1,82.7
-6660.0,63.4,-33224.0,-18.9,82.3
-6655.0,63.5,-33202.0,-19.8,83.3
-6650.0,65.4,-33180.0,-20.7,86.1
-6645.0,68.3,-33140.0,-22.3,90.6
-6640.0,71.3,-33099.0,-23.9,95.2
-6635.0,73.1,-33059.0,-25.5,98.6
-6630.0,73.1,-33018.0,-27.1,100.2
-6625.0,71.9,-32978.0,-28.8,100.7
-6620.0,70.3,-32937.0,-30.4,100.7
-6615.0,68.8,-32897.0,-32.0,100.8
-6610.0,67.8,-32856.0,-33.6,101.4
-6605.0,67.4,-32816.0,-35.2,102.6
-6600.0,67.8,-32776.0,-36.9,104.7
-6595.0,69.6,-32719.0,-39.1,108.7
-6590.0,72.3,-32663.0,-41.3,113.6
-6585.0,73.2,-32607.0,-43.6,116.8
-6580.0,72.4,-32551.0,-45.8,118.2
-6575.0,71.2,-32494.0,-48.1,119.3
-6570.0,71.2,-32438.0,-50.3,121.5
-6565.0,72.3,-32382.0,-52.6,124.9
-6560.0,73.1,-32326.0,-54.8,127.9
-6555.0,72.4,-32270.0,-57.1,129.5
-6550.0,70.5,-32213.0,-59.3,129.8
-6545.0,68.6,-32146.0,-62.0,130.6
-6540.0,67.5,-32078.0,-64.8,132.3
-6535.0,67.1,-32010.0,-67.5,134.6
-6530.0,66.8,-31943.0,-70.2,137.0
-6525.0,66.2,-31875.0,-72.9,139.1
-6520.0,65.4,-31807.0,-75.6,141.0
-6515.0,64.8,-31740.0,-78.3,143.1
-6510.0,64.6,-31672.0,-81.0,145.6
-6505.0,65.2,-31605.0,-83.7,148.9
-6500.0,66.3,-31537.0,-86.4,152.7
-6495.0,66.8,-31463.0,-89.3,156.1
-6490.0,66.2,-31389.0,-92.3,158.5
-6485.0,65.1,-31316.0,-95.2,160.3
-6480.0,64.6,-31242.0,-98.2,162.8
-6475.0,65.5,-31168.0,-101.1,166.6
-6470.0,67.2,-31094.0,-104.1,171.3
-6465.0,68.6,-31021.0,-107.0,175.6
-6460.0,69.9,-30947.0,-110.0,179.9
-6455.0,71.2,-30873.0,-112.9,184.1
-6450.0,71.8,-30799.0,-115.9,187.7
-6445.0,71.6,-30724.0,-118.9,190.5
-6440.0,71.7,-30648.0,-121.9,193.6
-6435.0,73.0,-30573.0,-125.0,198.0
-6430.0,74.5,-30497.0,-128.0,202.5
-6425.0,75.7,-30422.0,-131.0,206.7
-6420.0,76.8,-30346.0,-134.0,210.8
-6415.0,78.1,-30271.0,-137.1,215.2
-6410.0,78.7,-30195.0,-140.1,218.8
-6405.0,78.1,-30119.0,-143.1,221.2
-6400.0,77.5,-30044.0,-146.1,223.6
-6395.0,78.4,-29970.0,-149.1,227.5
-6390.0,80.0,-29896.0,-152.0,232.0
-6385.0,80.3,-29822.0,-155.0,235.3
-6380.0,80.2,-29749.0,-157.9,238.1
-6375.0,81.1,-29675.0,-160.9,242.0
-6370.0,81.8,-29601.0,-163.8,245.6
-6365.0,82.2,-29527.0,-166.8,249.0
-6360.0,82.2,-29453.0,-169.7,251.9
-6355.0,81.9,-29379.0,-172.7,254.6
-6350.0,81.4,-29306.0,-175.7,257.1
-6345.0,80.8,-29235.0,-178.5,259.3
-6340.0,80.1,-29165.0,-181.3,261.4
-6335.0,80.3,-29094.0,-184.1,264.4
-6330.0,81.0,-29024.0,-186.9,267.9
-6325.0,81.2,-28953.0,-189.7,270.9
-6320.0,80.1,-28883.0,-192.6,272.7
-6315.0,77.9,-28813.0,-195.4,273.3
-6310.0,75.6,-28742.0,-198.2,273.8
-6305.0,74.1,-28672.0,-201.0,275.1
-6300.0,73.1,-28601.0,-203.8,276.9
-6295.0,72.2,-28539.0,-206.3,278.5
-6290.0,70.8,-28477.0,-208.8,279.6
-6285.0,69.4,-28415.0,-211.3,280.7
-6280.0,68.3,-28353.0,-213.8,282.1
-6275.0,68.0,-28291.0,-216.3,284.3
-6270.0,68.4,-28228.0,-218.7,287.1
-6265.0,69.0,-28166.0,-221.2,290.2
-6260.0,69.4,-28104.0,-223.7,293.1
-6255.0,69.5,-28042.0,-226.2,295.7
-6250.0,69.6,-27980.0,-228.7,298.3
-6245.0,70.0,-27930.0,-230.7,300.7
-6240.0,71.0,-27880.0,-232.7,303.7
-6235.0,72.9,-27830.0,-234.7,307.6
-6230.0,75.3,-27780.0,-236.7,312.0
-6225.0,77.8,-27731.0,-238.7,316.5
-6220.0,80.2,-27681.0,-240.6,320.8
-6215.0,81.9,-27631.0,-242.6,324.5
-6210.0,82.6,-27581.0,-244.6,327.2
-6205.0,82.5,-27531.0,-246.6,329.1
-6200.0,81.8,-27481.0,-248.6,330.4
-6195.0,80.8,-27446.0,-250.0,330.8
-6190.0,79.5,-27410.0,-251.5,331.0
-6185.0,78.4,-27374.0,-252.9,331.3
-6180.0,77.4,-27338.0,-254.3,331.7
-6175.0,76.7,-27303.0,-255.8,332.5
-6170.0,76.4,-27267.0,-257.2,333.6
-6165.0,76.2,-27231.0,-258.6,334.8
-6160.0,75.9,-27196.0,-260.1,336.0
-6155.0,75.2,-27160.0,-261.5,336.7
-6150.0,74.3,-27124.0,-262.9,337.2
-6145.0,73.2,-27104.0,-263.7,336.9
-6140.0,71.9,-27084.0,-264.5,336.4
-6135.0,70.6,-27064.0,-265.3,335.9
-6130.0,69.3,-27043.0,-266.1,335.4
-6125.0,68.0,-27023.0,-266.9,334.9
-6120.0,67.0,-27003.0,-267.8,334.8
-6115.0,66.1,-26983.0,-268.6,334.7
-6110.0,65.5,-26963.0,-269.4,334.9
-6105.0,65.2,-26943.0,-270.2,335.4
-6100.0,65.1,-26922.0,-271.0,336.1
-6095.0,65.4,-26917.0,-271.2,336.6
-6090.0,66.0,-26911.0,-271.4,337.4
-6085.0,67.1,-26906.0,-271.7,338.8
-6080.0,68.5,-26900.0,-271.9,340.4
-6075.0,70.4,-26894.0,-272.1,342.5
-6070.0,72.6,-26889.0,-272.3,344.9
-6065.0,74.7,-26883.0,-272.5,347.2
-6060.0,76.4,-26878.0,-272.8,349.2
-6055.0,77.2,-26872.0,-273.0,350.2
-6050.0,76.9,-26866.0,-273.2,350.1
-6045.0,75.9,-26876.0,-272.9,348.8
-6040.0,74.7,-26885.0,-272.5,347.2
-6035.0,73.9,-26894.0,-272.1,346.0
-6030.0,73.8,-26903.0,-271.8,345.6
-6025.0,74.4,-26912.0,-271.4,345.8
-6020.0,75.8,-26921.0,-271.0,346.8
-6015.0,77.2,-26930.0,-270.7,347.9
-6010.0,78.3,-26939.0,-270.3,348.6
-6005.0,78.5,-26948.0,-269.9,348.4
-6000.0,77.7,-26958.0,-269.6,347.3
-5995.0,77.0,-26978.0,-268.8,345.8
-5990.0,77.6,-26998.0,-268.0,345.6
-5985.0,79.9,-27018.0,-267.2,347.1
-5980.0,82.8,-27038.0,-266.4,349.2
-5975.0,85.2,-27058.0,-265.6,350.8
-5970.0,86.6,-27078.0,-264.8,351.4
-5965.0,87.3,-27098.0,-264.0,351.3
-5960.0,87.4,-27118.0,-263.1,350.5
-5955.0,86.5,-27138.0,-262.3,348.8
-5950.0,83.9,-27158.0,-261.5,345.4
-5945.0,80.1,-27185.0,-260.5,340.6
-5940.0,76.7,-27212.0,-259.4,336.1
-5935.0,74.7,-27238.0,-258.3,333.0
-5930.0,74.2,-27265.0,-257.3,331.5
-5925.0,75.0,-27291.0,-256.2,331.2
-5920.0,76.7,-27318.0,-255.2,331.9
-5915.0,78.4,-27345.0,-254.1,332.5
-5910.0,79.2,-27371.0,-253.0,332.2
-5905.0,78.9,-27398.0,-252.0,330.9
-5900.0,78.4,-27425.0,-250.9,329.3
-5895.0,78.5,-27456.0,-249.6,328.1
-5890.0,79.2,-27488.0,-248.4,327.6
-5885.0,80.3,-27520.0,-247.1,327.4
-5880.0,81.4,-27552.0,-245.8,327.2
-5875.0,82.1,-27583.0,-244.5,326.6
-5870.0,81.9,-27615.0,-243.3,325.2
-5865.0,80.4,-27647.0,-242.0,322.4
-5860.0,78.1,-27678.0,-240.7,318.8
-5855.0,76.1,-27710.0,-239.5,315.6
-5850.0,75.5,-27742.0,-238.2,313.7
-5845.0,76.5,-27775.0,-236.9,313.4
-5840.0,78.2,-27808.0,-235.6,313.8
-5835.0,79.5,-27841.0,-234.2,313.7
-5830.0,80.0,-27874.0,-232.9,312.9
-5825.0,79.8,-27907.0,-231.6,311.4
-5820.0,79.1,-27940.0,-230.3,309.4
-5815.0,78.1,-27973.0,-229.0,307.1
-5810.0,77.2,-28006.0,-227.6,304.8
-5805.0,76.7,-28039.0,-226.3,303.0
-5800.0,76.7,-28072.0,-225.0,301.7
-5795.0,76.9,-28099.0,-223.9,300.8
-5790.0,77.1,-28127.0,-222.8,299.9
-5785.0,77.1,-28155.0,-221.7,298.8
-5780.0,76.9,-28182.0,-220.6,297.5
-5775.0,76.6,-28210.0,-219.5,296.1
-5770.0,76.0,-28237.0,-218.4,294.4
-5765.0,75.4,-28265.0,-217.3,292.7
-5760.0,74.8,-28292.0,-216.2,291.0
-5755.0,74.4,-28320.0,-215.1,289.5
-5750.0,74.3,-28347.0,-214.0,288.3
-5745.0,74.5,-28366.0,-213.2,287.7
-5740.0,75.1,-28384.0,-212.5,287.6
-5735.0,76.1,-28402.0,-211.8,287.9
-5730.0,77.5,-28421.0,-211.0,288.5
-5725.0,79.2,-28439.0,-210.3,289.5
-5720.0,81.1,-28458.0,-209.6,290.7
-5715.0,82.7,-28476.0,-208.8,291.5
-5710.0,83.9,-28494.0,-208.1,292.0
-5705.0,84.4,-28513.0,-207.4,291.8
-5700.0,84.1,-28531.0,-206.6,290.7
-5695.0,83.2,-28538.0,-206.4,289.6
-5690.0,82.0,-28544.0,-206.1,288.1
-5685.0,80.5,-28551.0,-205.8,286.3
-5680.0,79.3,-28558.0,-205.6,284.9
-5675.0,78.7,-28565.0,-205.3,284.0
-5670.0,79.1,-28572.0,-205.0,284.1
-5665.0,80.3,-28578.0,-204.7,285.0
-5660.0,81.7,-28585.0,-204.5,286.2
-5655.0,82.3,-28592.0,-204.2,286.5
-5650.0,81.9,-28599.0,-203.9,285.8
-5645.0,81.1,-28593.0,-204.1,285.2
-5640.0,80.6,-28588.0,-204.3,284.9
-5635.0,81.0,-28583.0,-204.6,285.6
-5630.0,82.5,-28578.0,-204.8,287.3
-5625.0,84.9,-28573.0,-205.0,289.9
-5620.0,88.2,-28567.0,-205.2,293.4
-5615.0,91.5,-28562.0,-205.4,296.9
-5610.0,94.0,-28557.0,-205.6,299.6
-5605.0,95.1,-28552.0,-205.8,300.9
-5600.0,94.8,-28547.0,-206.0,300.8
-5595.0,93.2,-28527.0,-206.8,300.0
-5590.0,90.4,-28507.0,-207.6,298.0
-5585.0,86.9,-28487.0,-208.4,295.3
-5580.0,83.6,-28467.0,-209.2,292.8
-5575.0,81.7,-28448.0,-210.0,291.7
-5570.0,82.0,-28428.0,-210.8,292.8
-5565.0,84.4,-28408.0,-211.6,296.0
-5560.0,87.3,-28388.0,-212.3,299.6
-5555.0,89.0,-28368.0,-213.1,302.1
-5550.0,89.0,-28349.0,-213.9,302.9
-5545.0,88.2,-28318.0,-215.2,303.4
-5540.0,87.4,-28287.0,-216.4,303.8
-5535.0,87.2,-28256.0,-217.6,304.8
-5530.0,87.4,-28225.0,-218.9,306.3
-5525.0,87.9,-28195.0,-220.1,308.0
-5520.0,88.6,-28164.0,-221.3,309.9
-5515.0,89.0,-28133.0,-222.6,311.6
-5510.0,89.1,-28102.0,-223.8,312.9
-5505.0,88.5,-28072.0,-225.0,313.5
-5500.0,87.1,-28041.0,-226.2,313.3
-5495.0,84.9,-28008.0,-227.5,312.4
-5490.0,82.9,-27976.0,-228.8,311.7
-5485.0,81.9,-27944.0,-230.1,312.0
-5480.0,85.5,-27911.0,-231.4,316.9
-5475.0,92.9,-27879.0,-232.7,325.6
-5470.0,99.4,-27847.0,-234.0,333.4
-5465.0,101.6,-27814.0,-235.3,336.9
-5460.0,102.4,-27782.0,-236.6,339.0
-5455.0,102.1,-27750.0,-237.9,340.0
-5450.0,100.2,-27717.0,-239.2,339.4
-5445.0,98.4,-27693.0,-240.1,338.5
-5440.0,96.8,-27669.0,-241.1,337.9
-5435.0,95.4,-27645.0,-242.1,337.5
-5430.0,93.3,-27621.0,-243.0,336.3
-5425.0,91.0,-27597.0,-244.0,335.0
-5420.0,89.8,-27573.0,-244.9,334.7
-5415.0,90.1,-27549.0,-245.9,336.0
-5410.0,90.7,-27525.0,-246.9,337.6
-5405.0,90.5,-27501.0,-247.8,338.3
-5400.0,89.8,-27477.0,-248.8,338.6
-5395.0,88.9,-27461.0,-249.4,338.3
-5390.0,88.3,-27444.0,-250.1,338.4
-5385.0,88.4,-27427.0,-250.8,339.2
-5380.0,89.4,-27411.0,-251.4,340.8
-5375.0,90.8,-27394.0,-252.1,342.9
-5370.0,92.3,-27378.0,-252.8,345.1
-5365.0,93.5,-27361.0,-253.4,346.9
-5360.0,94.1,-27344.0,-254.1,348.2
-5355.0,94.0,-27328.0,-254.8,348.8
-5350.0,93.3,-27311.0,-255.4,348.7
-5345.0,92.4,-27299.0,-255.9,348.3
-5340.0,91.5,-27288.0,-256.4,347.9
-5335.0,90.9,-27276.0,-256.8,347.7
-5330.0,90.6,-27264.0,-257.3,347.9
-5325.0,90.8,-27252.0,-257.8,348.6
-5320.0,91.4,-27240.0,-258.3,349.7
-5315.0,92.6,-27229.0,-258.7,351.3
-5310.0,94.2,-27217.0,-259.2,353.4
-5305.0,96.2,-27205.0,-259.7,355.9
-5300.0,98.1,-27193.0,-260.2,358.3
-5295.0,99.6,-27183.0,-260.5,360.1
-5290.0,100.5,-27174.0,-260.9,361.4
-5285.0,100.8,-27164.0,-261.3,362.1
-5280.0,100.6,-27154.0,-261.7,362.3
-5275.0,99.8,-27145.0,-262.1,361.9
-5270.0,98.5,-27135.0,-262.5,361.0
-5265.0,96.9,-27125.0,-262.9,359.8
-5260.0,94.9,-27116.0,-263.3,358.2
-5255.0,92.9,-27106.0,-263.6,356.5
-5250.0,90.9,-27096.0,-264.0,354.9
-5245.0,89.1,-27087.0,-264.4,353.5
-5240.0,87.6,-27078.0,-264.8,352.4
-5235.0,86.6,-27068.0,-265.1,351.7
-5230.0,86.2,-27059.0,-265.5,351.7
-5225.0,86.8,-27050.0,-265.9,352.7
-5220.0,88.8,-27041.0,-266.2,355.0
-5215.0,92.2,-27031.0,-266.6,358.8
-5210.0,96.8,-27022.0,-267.0,363.8
-5205.0,101.4,-27013.0,-267.4,368.8
-5200.0,104.9,-27004.0,-267.7,372.6
-5195.0,106.3,-26995.0,-268.1,374.4
-5190.0,105.4,-26987.0,-268.4,373.8
-5185.0,103.2,-26978.0,-268.7,371.9
-5180.0,100.7,-26970.0,-269.1,369.8
-5175.0,98.5,-26961.0,-269.4,367.9
-5170.0,96.8,-26953.0,-269.8,366.6
-5165.0,95.4,-26945.0,-270.1,365.5
-5160.0,94.1,-26936.0,-270.4,364.5
-5155.0,93.1,-26928.0,-270.8,363.9
-5150.0,92.1,-26919.0,-271.1,363.2
-5145.0,91.2,-26910.0,-271.5,362.7
-5140.0,90.3,-26901.0,-271.8,362.1
-5135.0,89.7,-26893.0,-272.2,361.9
-5130.0,89.3,-26884.0,-272.5,361.8
-5125.0,89.1,-26875.0,-272.9,362.0
-5120.0,89.1,-26866.0,-273.2,362.3
-5115.0,89.2,-26857.0,-273.6,362.8
-5110.0,89.1,-26849.0,-273.9,363.0
-5105.0,88.4,-26840.0,-274.3,362.7
-5100.0,87.3,-26831.0,-274.6,361.9
-5095.0,86.0,-26821.0,-275.0,361.0
-5090.0,84.7,-26812.0,-275.4,360.1
-5085.0,83.9,-26802.0,-275.8,359.7
-5080.0,83.6,-26792.0,-276.2,359.8
-5075.0,83.6,-26782.0,-276.6,360.2
-5070.0,83.9,-26773.0,-277.0,360.9
-5065.0,84.2,-26763.0,-277.4,361.6
-5060.0,84.6,-26753.0,-277.7,362.3
-5055.0,85.1,-26744.0,-278.1,363.2
-5050.0,85.6,-26734.0,-278.5,364.1
-5045.0,86.2,-26723.0,-278.9,365.1
-5040.0,86.7,-26713.0,-279.4,366.1
-5035.0,87.0,-26703.0,-279.8,366.8
-5030.0,87.0,-26692.0,-280.2,367.2
-5025.0,86.7,-26682.0,-280.6,367.3
-5020.0,86.2,-26671.0,-281.0,367.2
-5015.0,85.4,-26661.0,-281.4,366.8
-5010.0,84.8,-26650.0,-281.9,366.7
-5005.0,84.6,-26640.0,-282.3,366.9
-5000.0,85.3,-26630.0,-282.7,368.0
-4995.0,86.7,-26620.0,-283.1,369.8
-4990.0,87.8,-26611.0,-283.4,371.2
-4985.0,88.1,-26602.0,-283.8,371.9
-4980.0,87.8,-26593.0,-284.1,371.9
-4975.0,87.1,-26584.0,-284.5,371.6
-4970.0,86.2,-26575.0,-284.9,371.1
-4965.0,85.3,-26566.0,-285.2,370.5
-4960.0,84.5,-26557.0,-285.6,370.1
-4955.0,84.0,-26548.0,-286.0,370.0
-4950.0,83.8,-26539.0,-286.3,370.1
-4945.0,84.2,-26533.0,-286.5,370.7
-4940.0,85.0,-26528.0,-286.8,371.8
-4935.0,86.0,-26522.0,-287.0,373.0
-4930.0,86.7,-26517.0,-287.2,373.9
-4925.0,86.3,-26512.0,-287.4,373.7
-4920.0,85.1,-26506.0,-287.6,372.7
-4915.0,83.8,-26501.0,-287.8,371.6
-4910.0,83.1,-26496.0,-288.1,371.2
-4905.0,83.2,-26490.0,-288.3,371.5
-4900.0,84.0,-26485.0,-288.5,372.5
-4895.0,84.9,-26486.0,-288.4,373.3
-4890.0,85.2,-26487.0,-288.4,373.6
-4885.0,84.6,-26487.0,-288.4,373.0
-4880.0,84.2,-26488.0,-288.3,372.5
-4875.0,84.2,-26489.0,-288.3,372.5
-4870.0,83.0,-26490.0,-288.3,371.3
-4865.0,80.3,-26491.0,-288.2,368.5
-4860.0,77.9,-26492.0,-288.2,366.1
-4855.0,77.1,-26493.0,-288.2,365.3
-4850.0,78.1,-26494.0,-288.1,366.2
-4845.0,80.0,-26505.0,-287.7,367.7
-4840.0,81.6,-26516.0,-287.2,368.8
-4835.0,82.6,-26528.0,-286.8,369.4
-4830.0,83.4,-26539.0,-286.3,369.7
-4825.0,83.7,-26551.0,-285.9,369.6
-4820.0,83.0,-26562.0,-285.4,368.4
-4815.0,81.4,-26573.0,-284.9,366.3
-4810.0,79.6,-26585.0,-284.5,364.1
-4805.0,78.4,-26596.0,-284.0,362.4
-4800.0,78.8,-26607.0,-283.6,362.4
-4795.0,80.3,-26628.0,-282.7,363.0
-4790.0,82.0,-26649.0,-281.9,363.9
-4785.0,83.3,-26670.0,-281.1,364.4
-4780.0,84.0,-26691.0,-280.2,364.2
-4775.0,84.3,-26712.0,-279.4,363.7
-4770.0,84.1,-26733.0,-278.5,362.6
-4765.0,83.6,-26754.0,-277.7,361.3
-4760.0,82.7,-26775.0,-276.9,359.6
-4755.0,81.5,-26796.0,-276.0,357.5
-4750.0,80.3,-26817.0,-275.2,355.5
-4745.0,79.0,-26846.0,-274.0,353.0
-4740.0,77.9,-26875.0,-272.9,350.8
-4735.0,77.1,-26904.0,-271.7,348.8
-4730.0,77.1,-26933.0,-270.6,347.7
-4725.0,78.0,-26961.0,-269.4,347.4
-4720.0,79.6,-26990.0,-268.3,347.9
-4715.0,81.2,-27019.0,-267.1,348.3
-4710.0,82.5,-27048.0,-266.0,348.5
-4705.0,83.2,-27077.0,-264.8,348.0
-4700.0,83.1,-27105.0,-263.7,346.8
-4695.0,82.9,-27140.0,-262.3,345.2
-4690.0,82.6,-27174.0,-260.9,343.5
-4685.0,83.0,-27209.0,-259.5,342.5
-4680.0,83.8,-27243.0,-258.1,341.9
-4675.0,84.5,-27278.0,-256.8,341.3
-4670.0,84.6,-27312.0,-255.4,340.0
-4665.0,83.9,-27347.0,-254.0,337.9
-4660.0,83.1,-27381.0,-252.6,335.7
-4655.0,82.9,-27416.0,-251.2,334.1
-4650.0,83.0,-27450.0,-249.9,332.9
-4645.0,82.9,-27485.0,-248.5,331.4
-4640.0,81.8,-27520.0,-247.1,328.9
-4635.0,80.0,-27555.0,-245.7,325.7
-4630.0,78.2,-27590.0,-244.3,322.5
-4625.0,76.9,-27624.0,-242.9,319.8
-4620.0,76.7,-27659.0,-241.5,318.2
-4615.0,77.3,-27694.0,-240.1,317.4
-4610.0,78.3,-27729.0,-238.7,317.0
-4605.0,79.2,-27764.0,-237.3,316.5
-4600.0,79.5,-27799.0,-235.9,315.4
-4595.0,79.0,-27831.0,-234.6,313.6
-4590.0,78.3,-27864.0,-233.3,311.6
-4585.0,78.0,-27896.0,-232.0,310.0
-4580.0,78.0,-27929.0,-230.7,308.7
-4575.0,77.6,-27961.0,-229.4,307.0
-4570.0,76.6,-27994.0,-228.1,304.7
-4565.0,75.2,-28026.0,-226.8,302.0
-4560.0,74.1,-28058.0,-225.5,299.6
-4555.0,73.5,-28091.0,-224.2,297.7
-4550.0,73.9,-28123.0,-222.9,296.8
-4545.0,75.5,-28154.0,-221.7,297.2
-4540.0,77.5,-28184.0,-220.5,298.0
-4535.0,78.9,-28214.0,-219.3,298.2
-4530.0,79.2,-28245.0,-218.1,297.3
-4525.0,78.6,-28275.0,-216.9,295.5
-4520.0,77.5,-28305.0,-215.7,293.2
-4515.0,76.4,-28335.0,-214.5,290.9
-4510.0,75.5,-28366.0,-213.2,288.7
-4505.0,75.1,-28396.0,-212.0,287.1
-4500.0,75.3,-28426.0,-210.8,286.1
-4495.0,76.1,-28453.0,-209.7,285.8
-4490.0,77.5,-28481.0,-208.7,286.2
-4485.0,78.6,-28508.0,-207.6,286.2
-4480.0,78.4,-28535.0,-206.5,284.9
-4475.0,76.6,-28562.0,-205.4,282.0
-4470.0,74.4,-28589.0,-204.3,278.7
-4465.0,72.8,-28616.0,-203.2,276.0
-4460.0,73.1,-28644.0,-202.1,275.2
-4455.0,75.0,-28671.0,-201.0,276.0
-4450.0,77.0,-28698.0,-200.0,277.0
-4445.0,79.7,-28720.0,-199.1,278.8
-4440.0,82.1,-28743.0,-198.2,280.3
-4435.0,83.5,-28765.0,-197.3,280.8
-4430.0,83.2,-28787.0,-196.4,279.6
-4425.0,81.3,-28810.0,-195.5,276.8
-4420.0,78.7,-28832.0,-194.6,273.3
-4415.0,76.4,-28854.0,-193.7,270.1
-4410.0,75.2,-28876.0,-192.8,268.0
-4405.0,75.1,-28899.0,-191.9,267.0
-4400.0,75.4,-28921.0,-191.0,266.4
-4395.0,75.5,-28941.0,-190.2,265.7
-4390.0,75.2,-28961.0,-189.5,264.7
-4385.0,74.4,-28980.0,-188.7,263.1
-4380.0,73.1,-29000.0,-187.9,261.0
-4375.0,72.1,-29020.0,-187.1,259.2
-4370.0,72.0,-29040.0,-186.3,258.3
-4365.0,72.8,-29059.0,-185.5,258.3
-4360.0,74.2,-29079.0,-184.7,258.9
-4355.0,75.9,-29099.0,-183.9,259.8
-4350.0,77.8,-29118.0,-183.1,260.9
-4345.0,79.6,-29138.0,-182.4,262.0
-4340.0,81.5,-29158.0,-181.6,263.1
-4335.0,83.4,-29177.0,-180.8,264.2
-4330.0,85.4,-29197.0,-180.0,265.4
-4325.0,87.4,-29216.0,-179.2,266.6
-4320.0,89.2,-29236.0,-178.4,267.6
-4315.0,90.6,-29255.0,-177.7,268.3
-4310.0,91.3,-29275.0,-176.9,268.2
-4305.0,90.9,-29294.0,-176.1,267.0
-4300.0,89.4,-29314.0,-175.3,264.7
-4295.0,87.1,-29332.0,-174.6,261.7
-4290.0,84.4,-29350.0,-173.9,258.3
-4285.0,81.8,-29368.0,-173.1,254.9
-4280.0,79.9,-29386.0,-172.4,252.3
-4275.0,78.9,-29404.0,-171.7,250.6
-4270.0,78.8,-29423.0,-171.0,249.8
-4265.0,79.4,-29441.0,-170.2,249.6
-4260.0,80.4,-29459.0,-169.5,249.9
-4255.0,81.6,-29477.0,-168.8,250.4
-4250.0,82.8,-29495.0,-168.1,250.9
-4245.0,84.0,-29507.0,-167.6,251.6
-4240.0,85.1,-29519.0,-167.1,252.2
-4235.0,86.3,-29532.0,-166.6,252.9
-4230.0,87.6,-29544.0,-166.1,253.7
-4225.0,89.0,-29556.0,-165.6,254.6
-4220.0,90.1,-29568.0,-165.1,255.2
-4215.0,90.9,-29581.0,-164.7,255.6
-4210.0,90.8,-29593.0,-164.2,255.0
-4205.0,89.7,-29605.0,-163.7,253.4
-4200.0,87.3,-29617.0,-163.2,250.5
-4195.0,84.3,-29619.0,-163.1,247.4
-4190.0,81.2,-29622.0,-163.0,244.2
-4185.0,78.6,-29624.0,-162.9,241.5
-4180.0,77.3,-29626.0,-162.8,240.1
-4175.0,77.6,-29629.0,-162.7,240.3
-4170.0,79.0,-29631.0,-162.6,241.6
-4165.0,81.0,-29633.0,-162.5,243.5
-4160.0,83.1,-29636.0,-162.5,245.6
-4155.0,84.7,-29638.0,-162.4,247.1
-4150.0,85.3,-29640.0,-162.3,247.6
-4145.0,84.6,-29629.0,-162.7,247.3
-4140.0,82.8,-29618.0,-163.2,246.0
-4135.0,80.6,-29607.0,-163.6,244.2
-4130.0,78.2,-29596.0,-164.0,242.2
-4125.0,76.1,-29585.0,-164.5,240.6
-4120.0,74.7,-29574.0,-164.9,239.6
-4115.0,74.3,-29563.0,-165.4,239.7
-4110.0,74.7,-29552.0,-165.8,240.5
-4105.0,74.9,-29540.0,-166.3,241.2
-4100.0,73.8,-29529.0,-166.7,240.5
-4095.0,71.8,-29504.0,-167.7,239.5
-4090.0,69.9,-29478.0,-168.7,238.6
-4085.0,69.0,-29453.0,-169.8,238.8
-4080.0,68.6,-29427.0,-170.8,239.4
-4075.0,68.4,-29402.0,-171.8,240.2
-4070.0,68.3,-29376.0,-172.8,241.1
-4065.0,68.3,-29351.0,-173.8,242.1
-4060.0,68.6,-29325.0,-174.9,243.5
-4055.0,69.3,-29300.0,-175.9,245.2
-4050.0,71.4,-29274.0,-176.9,248.3
-4045.0,74.5,-29236.0,-178.4,252.9
-4040.0,76.6,-29198.0,-179.9,256.5
-4035.0,78.7,-29161.0,-181.5,260.2
-4030.0,79.0,-29123.0,-183.0,262.0
-4025.0,77.4,-29085.0,-184.5,261.9
-4020.0,75.3,-29047.0,-186.0,261.3
-4015.0,73.1,-29009.0,-187.5,260.6
-4010.0,71.1,-28972.0,-189.0,260.1
-4005.0,69.9,-28934.0,-190.5,260.4
-4000.0,69.5,-28896.0,-192.0,261.5
-3995.0,70.2,-28852.0,-193.8,264.0
-3990.0,71.4,-28807.0,-195.6,267.0
-3985.0,72.9,-28763.0,-197.3,270.2
-3980.0,74.2,-28719.0,-199.1,273.3
-3975.0,75.2,-28675.0,-200.9,276.1
-3970.0,75.9,-28630.0,-202.7,278.6
-3965.0,76.7,-28586.0,-204.4,281.1
-3960.0,78.0,-28542.0,-206.2,284.2
-3955.0,79.7,-28498.0,-208.0,287.7
-3950.0,81.6,-28453.0,-209.7,291.3
-3945.0,83.3,-28409.0,-211.5,294.8
-3940.0,84.7,-28365.0,-213.3,298.0
-3935.0,85.5,-28320.0,-215.1,300.6
-3930.0,85.7,-28276.0,-216.8,302.5
-3925.0,85.2,-28232.0,-218.6,303.8
-3920.0,84.4,-28187.0,-220.4,304.8
-3915.0,83.7,-28143.0,-222.2,305.9
-3910.0,83.4,-28098.0,-223.9,307.3
-3905.0,83.4,-28054.0,-225.7,309.1
-3900.0,83.4,-28010.0,-227.5,310.9
-3895.0,83.2,-27972.0,-229.0,312.2
-3890.0,83.4,-27934.0,-230.5,313.9
-3885.0,83.3,-27897.0,-232.0,315.3
-3880.0,81.6,-27859.0,-233.5,315.1
-3875.0,78.4,-27821.0,-235.0,313.4
-3870.0,76.1,-27784.0,-236.5,312.6
-3865.0,75.0,-27746.0,-238.0,313.0
-3860.0,73.7,-27708.0,-239.5,313.2
-3855.0,72.1,-27671.0,-241.0,313.1
-3850.0,71.1,-27633.0,-242.5,313.6
-3845.0,70.7,-27605.0,-243.7,314.4
-3840.0,70.4,-27577.0,-244.8,315.2
-3835.0,69.6,-27549.0,-245.9,315.5
-3830.0,68.7,-27521.0,-247.1,315.8
-3825.0,67.8,-27492.0,-248.2,316.0
-3820.0,67.3,-27464.0,-249.3,316.6
-3815.0,67.2,-27436.0,-250.4,317.6
-3810.0,67.6,-27408.0,-251.6,319.2
-3805.0,68.6,-27380.0,-252.7,321.3
-3800.0,70.1,-27352.0,-253.8,323.9
-3795.0,71.5,-27335.0,-254.5,326.0
-3790.0,72.4,-27317.0,-255.2,327.6
-3785.0,72.8,-27300.0,-255.9,328.7
-3780.0,73.1,-27283.0,-256.6,329.7
-3775.0,73.4,-27266.0,-257.2,330.6
-3770.0,73.8,-27249.0,-257.9,331.7
-3765.0,74.0,-27231.0,-258.6,332.6
-3760.0,74.2,-27214.0,-259.3,333.5
-3755.0,74.1,-27197.0,-260.0,334.1
-3750.0,73.7,-27180.0,-260.7,334.4
-3745.0,72.8,-27174.0,-260.9,333.7
-3740.0,71.6,-27169.0,-261.1,332.7
-3735.0,70.4,-27163.0,-261.4,331.8
-3730.0,69.7,-27157.0,-261.6,331.3
-3725.0,69.0,-27152.0,-261.8,330.8
-3720.0,67.8,-27146.0,-262.0,329.8
-3715.0,67.1,-27140.0,-262.3,329.4
-3710.0,68.3,-27135.0,-262.5,330.8
-3705.0,70.7,-27129.0,-262.7,333.4
-3700.0,72.5,-27123.0,-262.9,335.4
-3695.0,73.0,-27128.0,-262.7,335.7
-3690.0,72.4,-27134.0,-262.5,334.9
-3685.0,71.1,-27139.0,-262.3,333.4
-3680.0,69.6,-27144.0,-262.1,331.7
-3675.0,68.1,-27149.0,-261.9,330.0
-3670.0,66.1,-27154.0,-261.7,327.8
-3665.0,63.9,-27159.0,-261.5,325.4
-3660.0,63.9,-27164.0,-261.3,325.2
-3655.0,66.0,-27170.0,-261.1,327.1
-3650.0,68.8,-27175.0,-260.9,329.7
-3645.0,71.5,-27191.0,-260.2,331.7
-3640.0,74.3,-27207.0,-259.6,333.9
-3635.0,77.9,-27223.0,-259.0,336.9
-3630.0,81.3,-27239.0,-258.3,339.6
-3625.0,83.4,-27255.0,-257.7,341.1
-3620.0,84.5,-27270.0,-257.1,341.6
-3615.0,84.6,-27286.0,-256.4,341.0
-3610.0,83.8,-27302.0,-255.8,339.6
-3605.0,83.1,-27318.0,-255.1,338.2
-3600.0,83.0,-27334.0,-254.5,337.5
-3595.0,82.7,-27360.0,-253.5,336.2
-3590.0,81.9,-27387.0,-252.4,334.3
-3585.0,80.4,-27413.0,-251.4,331.8
-3580.0,78.6,-27439.0,-250.3,328.9
-3575.0,77.0,-27465.0,-249.3,326.3
-3570.0,76.3,-27491.0,-248.2,324.5
-3565.0,76.0,-27517.0,-247.2,323.2
-3560.0,75.0,-27544.0,-246.1,321.1
-3555.0,72.6,-27570.0,-245.1,317.7
-3550.0,70.3,-27596.0,-244.0,314.3
-3545.0,69.1,-27631.0,-242.6,311.7
-3540.0,69.3,-27667.0,-241.2,310.5
-3535.0,70.5,-27702.0,-239.8,310.3
-3530.0,72.3,-27738.0,-238.4,310.7
-3525.0,74.4,-27773.0,-236.9,311.3
-3520.0,76.5,-27809.0,-235.5,312.0
-3515.0,78.1,-27844.0,-234.1,312.2
-3510.0,79.1,-27880.0,-232.7,311.8
-3505.0,79.2,-27915.0,-231.3,310.5
-3500.0,79.2,-27951.0,-229.9,309.1
-3495.0,80.0,-27993.0,-228.2,308.2
-3490.0,82.0,-28035.0,-226.5,308.5
-3485.0,83.6,-28078.0,-224.8,308.4
-3480.0,84.0,-28120.0,-223.1,307.1
-3475.0,83.1,-28163.0,-221.4,304.5
-3470.0,81.3,-28205.0,-219.7,301.0
-3465.0,79.0,-28248.0,-218.0,297.0
-3460.0,77.2,-28290.0,-216.3,293.5
-3455.0,75.5,-28333.0,-214.6,290.1
-3450.0,74.2,-28375.0,-212.9,287.1
-3445.0,73.6,-28424.0,-210.9,284.5
-3440.0,73.1,-28473.0,-208.9,282.0
-3435.0,71.9,-28523.0,-207.0,278.9
-3430.0,69.8,-28572.0,-205.0,274.8
-3425.0,67.6,-28621.0,-203.0,270.6
-3420.0,66.0,-28670.0,-201.1,267.1
-3415.0,65.2,-28719.0,-199.1,264.3
-3410.0,65.1,-28768.0,-197.1,262.2
-3405.0,65.5,-28818.0,-195.2,260.7
-3400.0,65.2,-28867.0,-193.2,258.4
-3395.0,63.6,-28919.0,-191.1,254.7
-3390.0,61.9,-28972.0,-189.0,250.9
-3385.0,61.3,-29024.0,-186.9,248.2
-3380.0,62.8,-29076.0,-184.8,247.6
-3375.0,65.9,-29129.0,-182.7,248.6
-3370.0,69.5,-29181.0,-180.6,250.1
-3365.0,72.7,-29233.0,-178.5,251.2
-3360.0,75.2,-29286.0,-176.5,251.7
-3355.0,76.8,-29338.0,-174.4,251.2
-3350.0,77.7,-29390.0,-172.3,250.0
-3345.0,78.2,-29443.0,-170.2,248.4
-3340.0,78.9,-29495.0,-168.1,247.0
-3335.0,79.9,-29547.0,-166.0,245.9
-3330.0,80.9,-29599.0,-163.9,244.8
-3325.0,81.7,-29652.0,-161.8,243.5
-3320.0,82.2,-29704.0,-159.7,241.9
-3315.0,82.1,-29756.0,-157.6,239.7
-3310.0,81.9,-29809.0,-155.5,237.4
-3305.0,81.8,-29861.0,-153.4,235.2
-3300.0,81.1,-29913.0,-151.3,232.4
-3295.0,79.7,-29965.0,-149.3,229.0
-3290.0,78.6,-30017.0,-147.2,225.8
-3285.0,78.5,-30069.0,-145.1,223.6
-3280.0,78.8,-30121.0,-143.0,221.8
-3275.0,77.8,-30173.0,-141.0,218.8
-3270.0,76.5,-30225.0,-138.9,215.4
-3265.0,76.4,-30277.0,-136.8,213.2
-3260.0,77.3,-30329.0,-134.7,212.0
-3255.0,77.5,-30381.0,-132.6,210.1
-3250.0,76.1,-30433.0,-130.6,206.7
-3245.0,74.6,-30480.0,-128.7,203.3
-3240.0,72.9,-30528.0,-126.8,199.7
-3235.0,70.9,-30576.0,-124.9,195.8
-3230.0,69.3,-30623.0,-123.0,192.3
-3225.0,68.3,-30671.0,-121.0,189.3
-3220.0,67.5,-30718.0,-119.1,186.6
-3215.0,65.9,-30766.0,-117.2,183.1
-3210.0,63.7,-30813.0,-115.3,179.0
-3205.0,62.0,-30861.0,-113.4,175.4
-3200.0,60.9,-30908.0,-111.5,172.4
-3195.0,60.9,-30949.0,-109.9,170.8
-3190.0,61.7,-30989.0,-108.3,170.0
-3185.0,62.4,-31029.0,-106.7,169.1
-3180.0,62.9,-31069.0,-105.1,168.0
-3175.0,63.3,-31109.0,-103.5,166.8
-3170.0,63.3,-31150.0,-101.9,165.2
-3165.0,62.7,-31190.0,-100.3,163.0
-3160.0,61.5,-31230.0,-98.7,160.2
-3155.0,59.5,-31270.0,-97.1,156.6
-3150.0,57.4,-31310.0,-95.5,152.9
-3145.0,55.9,-31345.0,-94.1,150.0
-3140.0,55.3,-31379.0,-92.7,148.0
-3135.0,55.2,-31413.0,-91.3,146.5
-3130.0,55.0,-31447.0,-90.0,145.0
-3125.0,54.4,-31482.0,-88.6,143.0
-3120.0,54.1,-31516.0,-87.2,141.3
-3115.0,53.9,-31550.0,-85.9,139.8
-3110.0,53.4,-31585.0,-84.5,137.9
-3105.0,54.1,-31619.0,-83.1,137.2
-3100.0,55.9,-31653.0,-81.7,137.6
-3095.0,57.8,-31684.0,-80.5,138.3
-3090.0,59.1,-31714.0,-79.3,138.4
-3085.0,59.6,-31745.0,-78.1,137.7
-3080.0,59.9,-31775.0,-76.9,136.8
-3075.0,60.1,-31806.0,-75.6,135.7
-3070.0,60.1,-31836.0,-74.4,134.5
-3065.0,59.2,-31867.0,-73.2,132.4
-3060.0,57.3,-31897.0,-72.0,129.3
-3055.0,55.2,-31928.0,-70.8,126.0
-3050.0,53.7,-31958.0,-69.5,123.2
-3049.0,53.5,-31965.0,-69.3,122.8
-3048.0,53.3,-31971.0,-69.0,122.3
-3047.0,53.1,-31978.0,-68.8,121.9
-3046.0,53.0,-31984.0,-68.5,121.5
-3045.0,52.9,-31990.0,-68.3,121.2
-3044.0,52.8,-31997.0,-68.0,120.8
-3043.0,52.7,-32003.0,-67.7,120.4
-3042.0,52.6,-32010.0,-67.5,120.1
-3041.0,52.5,-32016.0,-67.2,119.7
-3040.0,52.4,-32023.0,-67.0,119.4
-3039.0,52.3,-32029.0,-66.7,119.0
-3038.0,52.2,-32035.0,-66.5,118.7
-3037.0,52.1,-32042.0,-66.2,118.3
-3036.0,52.0,-32048.0,-65.9,117.9
-3035.0,51.9,-32055.0,-65.7,117.6
-3034.0,51.9,-32061.0,-65.4,117.3
-3033.0,51.9,-32067.0,-65.2,117.1
-3032.0,52.0,-32074.0,-64.9,116.9
-3031.0,52.2,-32080.0,-64.7,116.9
-3030.0,52.4,-32087.0,-64.4,116.8
-3029.0,52.6,-32093.0,-64.2,116.8
-3028.0,52.9,-32099.0,-63.9,116.8
-3027.0,53.2,-32106.0,-63.6,116.8
-3026.0,53.5,-32112.0,-63.4,116.9
-3025.0,53.8,-32119.0,-63.1,116.9
-3024.0,54.1,-32125.0,-62.9,117.0
-3023.0,54.3,-32132.0,-62.6,116.9
-3022.0,54.4,-32138.0,-62.4,116.8
-3021.0,54.6,-32144.0,-62.1,116.7
-3020.0,54.7,-32151.0,-61.8,116.5
-3019.0,54.8,-32157.0,-61.6,116.4
-3018.0,54.8,-32164.0,-61.3,116.1
-3017.0,54.9,-32170.0,-61.1,116.0
-3016.0,55.0,-32176.0,-60.8,115.8
-3015.0,55.1,-32183.0,-60.6,115.7
-3014.0,55.2,-32189.0,-60.3,115.5
-3013.0,55.3,-32196.0,-60.0,115.3
-3012.0,55.4,-32202.0,-59.8,115.2
-3011.0,55.6,-32208.0,-59.5,115.1
-3010.0,55.8,-32215.0,-59.3,115.1
-3009.0,56.0,-32221.0,-59.0,115.0
-3008.0,56.2,-32228.0,-58.8,115.0
-3007.0,56.4,-32234.0,-58.5,114.9
-3006.0,56.5,-32241.0,-58.3,114.8
-3005.0,56.7,-32247.0,-58.0,114.7
-3004.0,56.9,-32253.0,-57.7,114.6
-3003.0,57.0,-32260.0,-57.5,114.5
-3002.0,57.1,-32266.0,-57.2,114.3
-3001.0,57.1,-32273.0,-57.0,114.1
-3000.0,57.1,-32279.0,-56.7,113.8
-2999.0,57.1,-32286.0,-56.4,113.5
-2998.0,57.0,-32292.0,-56.2,113.2
-2997.0,56.8,-32299.0,-55.9,112.7
-2996.0,56.6,-32306.0,-55.7,112.3
-2995.0,56.4,-32312.0,-55.4,111.8
-2994.0,56.2,-32319.0,-55.1,111.3
-2993.0,55.9,-32326.0,-54.9,110.8
-2992.0,55.6,-32332.0,-54.6,110.2
-2991.0,55.3,-32339.0,-54.3,109.6
-2990.0,55.0,-32345.0,-54.1,109.1
-2989.0,54.7,-32352.0,-53.8,108.5
-2988.0,54.4,-32359.0,-53.5,107.9
-2987.0,54.1,-32365.0,-53.3,107.4
-2986.0,53.8,-32372.0,-53.0,106.8
-2985.0,53.5,-32379.0,-52.7,106.2
-2984.0,53.3,-32385.0,-52.5,105.8
-2983.0,53.0,-32392.0,-52.2,105.2
-2982.0,52.8,-32399.0,-51.9,104.7
-2981.0,52.5,-32405.0,-51.7,104.2
-2980.0,52.3,-32412.0,-51.4,103.7
-2979.0,52.1,-32419.0,-51.1,103.2
-2978.0,51.9,-32425.0,-50.9,102.8
-2977.0,51.7,-32432.0,-50.6,102.3
-2976.0,51.5,-32439.0,-50.3,101.8
-2975.0,51.4,-32445.0,-50.1,101.5
-2974.0,51.2,-32452.0,-49.8,101.0
-2973.0,51.1,-32459.0,-49.5,100.6
-2972.0,50.9,-32465.0,-49.3,100.2
-2971.0,50.8,-32472.0,-49.0,99.8
-2970.0,50.7,-32479.0,-48.7,99.4
-2969.0,50.6,-32485.0,-48.5,99.1
-2968.0,50.5,-32492.0,-48.2,98.7
-2967.0,50.4,-32498.0,-47.9,98.3
-2966.0,50.3,-32505.0,-47.7,98.0
-2965.0,50.2,-32512.0,-47.4,97.6
-2964.0,50.1,-32518.0,-47.1,97.2
-2963.0,50.0,-32525.0,-46.9,96.9
-2962.0,49.9,-32532.0,-46.6,96.5
-2961.0,49.9,-32538.0,-46.3,96.2
-2960.0,49.8,-32545.0,-46.1,95.9
-2959.0,49.7,-32552.0,-45.8,95.5
-2958.0,49.6,-32558.0,-45.5,95.1
-2957.0,49.5,-32565.0,-45.3,94.8
-2956.0,49.4,-32572.0,-45.0,94.4
-2955.0,49.3,-32578.0,-44.7,94.0
-2954.0,49.1,-32585.0,-44.5,93.6
-2953.0,49.0,-32592.0,-44.2,93.2
-2952.0,48.9,-32598.0,-43.9,92.8
-2951.0,48.7,-32605.0,-43.7,92.4
-2950.0,48.5,-32612.0,-43.4,91.9
-2949.0,48.3,-32618.0,-43.2,91.5
-2948.0,48.2,-32624.0,-42.9,91.1
-2947.0,48.0,-32630.0,-42.7,90.7
-2946.0,47.8,-32636.0,-42.4,90.2
-2945.0,47.6,-32642.0,-42.2,89.8
-2944.0,47.4,-32649.0,-41.9,89.3
-2943.0,47.2,-32655.0,-41.7,88.9
-2942.0,47.1,-32661.0,-41.4,88.5
-2941.0,46.9,-32667.0,-41.2,88.1
-2940.0,46.8,-32673.0,-40.9,87.7
-2939.0,46.7,-32680.0,-40.7,87.4
-2938.0,46.6,-32686.0,-40.4,87.0
-2937.0,46.5,-32692.0,-40.2,86.7
-2936.0,46.5,-32698.0,-39.9,86.4
-2935.0,46.5,-32704.0,-39.7,86.2
-2934.0,46.5,-32710.0,-39.5,86.0
-2933.0,46.5,-32717.0,-39.2,85.7
-2932.0,46.5,-32723.0,-39.0,85.5
-2931.0,46.6,-32729.0,-38.7,85.3
-2930.0,46.6,-32735.0,-38.5,85.1
-2929.0,46.7,-32741.0,-38.2,84.9
-2928.0,46.8,-32748.0,-38.0,84.8
-2927.0,47.0,-32754.0,-37.7,84.7
-2926.0,47.1,-32760.0,-37.5,84.6
-2925.0,47.2,-32766.0,-37.2,84.4
-2924.0,47.4,-32772.0,-37.0,84.4
-2923.0,47.6,-32779.0,-36.7,84.3
-2922.0,47.8,-32785.0,-36.5,84.3
-2921.0,48.0,-32791.0,-36.2,84.2
-2920.0,48.3,-32797.0,-36.0,84.3
-2919.0,48.5,-32803.0,-35.7,84.2
-2918.0,48.8,-32809.0,-35.5,84.3
-2917.0,49.0,-32816.0,-35.2,84.2
-2916.0,49.3,-32822.0,-35.0,84.3
-2915.0,49.6,-32828.0,-34.8,84.4
-2914.0,49.9,-32834.0,-34.5,84.4
-2913.0,50.2,-32840.0,-34.3,84.5
-2912.0,50.5,-32847.0,-34.0,84.5
-2911.0,50.8,-32853.0,-33.8,84.6
-2910.0,51.1,-32859.0,-33.5,84.6
-2909.0,51.5,-32865.0,-33.3,84.8
-2908.0,51.8,-32871.0,-33.0,84.8
-2907.0,52.1,-32878.0,-32.8,84.9
-2906.0,52.4,-32884.0,-32.5,84.9
-2905.0,52.7,-32890.0,-32.3,85.0
-2904.0,53.0,-32896.0,-32.0,85.0
-2903.0,53.2,-32902.0,-31.8,85.0
-2902.0,53.5,-32908.0,-31.5,85.0
-2901.0,53.8,-32915.0,-31.3,85.1
-2900.0,54.1,-32921.0,-31.0,85.1
-2899.0,54.3,-32926.0,-30.8,85.1
-2898.0,54.6,-32931.0,-30.6,85.2
-2897.0,54.9,-32936.0,-30.4,85.3
-2896.0,55.1,-32941.0,-30.2,85.3
-2895.0,55.4,-32946.0,-30.0,85.4
-2894.0,55.7,-32952.0,-29.8,85.5
-2893.0,55.9,-32957.0,-29.6,85.5
-2892.0,56.2,-32962.0,-29.4,85.6
-2891.0,56.5,-32967.0,-29.2,85.7
-2890.0,56.8,-32972.0,-29.0,85.8
-2889.0,57.1,-32977.0,-28.8,85.9
-2888.0,57.5,-32982.0,-28.6,86.1
-2887.0,57.8,-32987.0,-28.4,86.2
-2886.0,58.2,-32993.0,-28.2,86.4
-2885.0,58.5,-32998.0,-28.0,86.5
-2884.0,58.9,-33003.0,-27.8,86.7
-2883.0,59.3,-33008.0,-27.6,86.9
-2882.0,59.8,-33013.0,-27.3,87.1
-2881.0,60.2,-33018.0,-27.1,87.3
-2880.0,60.6,-33023.0,-26.9,87.5
-2879.0,61.1,-33029.0,-26.7,87.8
-2878.0,61.5,-33034.0,-26.5,88.0
-2877.0,61.9,-33039.0,-26.3,88.2
-2876.0,62.3,-33044.0,-26.1,88.4
-2875.0,62.7,-33049.0,-25.9,88.6
-2874.0,63.1,-33054.0,-25.7,88.8
-2873.0,63.5,-33059.0,-25.5,89.0
-2872.0,63.8,-33064.0,-25.3,89.1
-2871.0,64.1,-33070.0,-25.1,89.2
-2870.0,64.4,-33075.0,-24.9,89.3
-2869.0,64.7,-33080.0,-24.7,89.4
-2868.0,64.9,-33085.0,-24.5,89.4
-2867.0,65.1,-33090.0,-24.3,89.4
-2866.0,65.2,-33095.0,-24.1,89.3
-2865.0,65.4,-33100.0,-23.9,89.3
-2864.0,65.5,-33105.0,-23.7,89.2
-2863.0,65.6,-33111.0,-23.5,89.1
-2862.0,65.7,-33116.0,-23.2,88.9
-2861.0,65.8,-33121.0,-23.0,88.8
-2860.0,65.8,-33126.0,-22.8,88.6
-2859.0,65.9,-33131.0,-22.6,88.5
-2858.0,66.0,-33136.0,-22.4,88.4
-2857.0,66.0,-33141.0,-22.2,88.2
-2856.0,66.1,-33146.0,-22.0,88.1
-2855.0,66.2,-33152.0,-21.8,88.0
-2854.0,66.2,-33157.0,-21.6,87.8
-2853.0,66.3,-33162.0,-21.4,87.7
-2852.0,66.4,-33167.0,-21.2,87.6
-2851.0,66.5,-33172.0,-21.0,87.5
-2850.0,66.7,-33177.0,-20.8,87.5
-2849.0,66.8,-33181.0,-20.6,87.4
-2848.0,66.9,-33186.0,-20.4,87.3
-2847.0,67.0,-33190.0,-20.3,87.3
-2846.0,67.1,-33194.0,-20.1,87.2
-2845.0,67.3,-33198.0,-19.9,87.2
-2844.0,67.4,-33203.0,-19.8,87.2
-2843.0,67.5,-33207.0,-19.6,87.1
-2842.0,67.6,-33211.0,-19.4,87.0
-2841.0,67.7,-33215.0,-19.3,87.0
-2840.0,67.8,-33219.0,-19.1,86.9
-2839.0,67.9,-33224.0,-18.9,86.8
-2838.0,68.0,-33228.0,-18.8,86.8
-2837.0,68.1,-33232.0,-18.6,86.7
-2836.0,68.2,-33236.0,-18.4,86.6
-2835.0,68.3,-33240.0,-18.3,86.6
-2834.0,68.3,-33245.0,-18.1,86.4
-2833.0,68.3,-33249.0,-17.9,86.2
-2832.0,68.4,-33253.0,-17.8,86.2
-2831.0,68.4,-33257.0,-17.6,86.0
-2830.0,68.4,-33261.0,-17.4,85.8
-2829.0,68.3,-33266.0,-17.2,85.5
-2828.0,68.3,-33270.0,-17.1,85.4
-2827.0,68.2,-33274.0,-16.9,85.1
-2826.0,68.2,-33278.0,-16.7,84.9
-2825.0,68.0,-33283.0,-16.6,84.6
-2824.0,67.9,-33287.0,-16.4,84.3
-2823.0,67.7,-33291.0,-16.2,83.9
-2822.0,67.5,-33295.0,-16.1,83.6
-2821.0,67.3,-33299.0,-15.9,83.2
-2820.0,67.0,-33304.0,-15.7,82.7
-2819.0,66.7,-33308.0,-15.6,82.3
-2818.0,66.4,-33312.0,-15.4,81.8
-2817.0,66.1,-33316.0,-15.2,81.3
-2816.0,65.6,-33320.0,-15.1,80.7
-2815.0,65.2,-33325.0,-14.9,80.1
-2814.0,64.7,-33329.0,-14.7,79.4
-2813.0,64.2,-33333.0,-14.6,78.8
-2812.0,63.6,-33337.0,-14.4,78.0
-2811.0,63.1,-33342.0,-14.2,77.3
-2810.0,62.5,-33346.0,-14.0,76.5
-2809.0,61.9,-33350.0,-13.9,75.8
-2808.0,61.2,-33354.0,-13.7,74.9
-2807.0,60.6,-33358.0,-13.5,74.1
-2806.0,60.0,-33363.0,-13.4,73.4
-2805.0,59.3,-33367.0,-13.2,72.5
-2804.0,58.7,-33371.0,-13.0,71.7
-2803.0,58.0,-33375.0,-12.9,70.9
-2802.0,57.4,-33379.0,-12.7,70.1
-2801.0,56.8,-33384.0,-12.5,69.3
-2800.0,56.2,-33388.0,-12.4,68.6
-2799.0,55.6,-33391.0,-12.2,67.8
-2798.0,55.1,-33394.0,-12.1,67.2
-2797.0,54.6,-33397.0,-12.0,66.6
-2796.0,54.1,-33400.0,-11.9,66.0
-2795.0,53.7,-33403.0,-11.8,65.5
-2794.0,53.3,-33406.0,-11.6,64.9
-2793.0,53.0,-33409.0,-11.5,64.5
-2792.0,52.7,-33412.0,-11.4,64.1
-2791.0,52.5,-33415.0,-11.3,63.8
-2790.0,52.3,-33418.0,-11.2,63.5
-2789.0,52.2,-33421.0,-11.0,63.2
-2788.0,52.1,-33424.0,-10.9,63.0
-2787.0,52.1,-33427.0,-10.8,62.9
-2786.0,52.1,-33430.0,-10.7,62.8
-2785.0,52.2,-33433.0,-10.6,62.8
-2784.0,52.3,-33436.0,-10.4,62.7
-2783.0,52.4,-33439.0,-10.3,62.7
-2782.0,52.5,-33442.0,-10.2,62.7
-2781.0,52.6,-33445.0,-10.1,62.7
-2780.0,52.7,-33448.0,-10.0,62.7
-2779.0,52.9,-33451.0,-9.8,62.7
-2778.0,53.0,-33454.0,-9.7,62.7
-2777.0,53.1,-33457.0,-9.6,62.7
-2776.0,53.1,-33460.0,-9.5,62.6
-2775.0,53.2,-33463.0,-9.4,62.6
-2774.0,53.2,-33466.0,-9.2,62.4
-2773.0,53.2,-33469.0,-9.1,62.3
-2772.0,53.2,-33472.0,-9.0,62.2
-2771.0,53.2,-33475.0,-8.9,62.1
-2770.0,53.1,-33478.0,-8.8,61.9
-2769.0,53.0,-33481.0,-8.6,61.6
-2768.0,53.0,-33484.0,-8.5,61.5
-2767.0,52.9,-33487.0,-8.4,61.3
-2766.0,52.8,-33490.0,-8.3,61.1
-2765.0,52.7,-33493.0,-8.2,60.9
-2764.0,52.6,-33496.0,-8.0,60.6
-2763.0,52.5,-33499.0,-7.9,60.4
-2762.0,52.4,-33502.0,-7.8,60.2
-2761.0,52.3,-33505.0,-7.7,60.0
-2760.0,52.3,-33508.0,-7.6,59.9
-2759.0,52.2,-33511.0,-7.4,59.6
-2758.0,52.2,-33514.0,-7.3,59.5
-2757.0,52.1,-33517.0,-7.2,59.3
-2756.0,52.1,-33520.0,-7.1,59.2
-2755.0,52.1,-33523.0,-7.0,59.1
-2754.0,52.2,-33526.0,-6.8,59.0
-2753.0,52.2,-33529.0,-6.7,58.9
-2752.0,52.3,-33532.0,-6.6,58.9
-2751.0,52.4,-33535.0,-6.5,58.9
-2750.0,52.6,-33538.0,-6.4,59.0
-2749.0,52.7,-33540.0,-6.3,59.0
-2748.0,52.9,-33541.0,-6.2,59.1
-2747.0,53.1,-33543.0,-6.1,59.2
-2746.0,53.3,-33545.0,-6.1,59.4
-2745.0,53.5,-33547.0,-6.0,59.5
-2744.0,53.6,-33549.0,-5.9,59.5
-2743.0,53.8,-33550.0,-5.9,59.7
-2742.0,53.9,-33552.0,-5.8,59.7
-2741.0,54.1,-33554.0,-5.7,59.8
-2740.0,54.2,-33556.0,-5.6,59.8
-2739.0,54.2,-33558.0,-5.6,59.8
-2738.0,54.2,-33559.0,-5.5,59.7
-2737.0,54.2,-33561.0,-5.4,59.6
-2736.0,54.1,-33563.0,-5.4,59.5
-2735.0,54.0,-33565.0,-5.3,59.3
-2734.0,53.8,-33567.0,-5.2,59.0
-2733.0,53.6,-33568.0,-5.1,58.7
-2732.0,53.3,-33570.0,-5.1,58.4
-2731.0,53.0,-33572.0,-5.0,58.0
-2730.0,52.7,-33574.0,-4.9,57.6
-2729.0,52.3,-33576.0,-4.9,57.2
-2728.0,51.9,-33577.0,-4.8,56.7
-2727.0,51.5,-33579.0,-4.7,56.2
-2726.0,51.1,-33581.0,-4.6,55.7
-2725.0,50.6,-33583.0,-4.6,55.2
-2724.0,50.2,-33585.0,-4.5,54.7
-2723.0,49.7,-33586.0,-4.4,54.1
-2722.0,49.2,-33588.0,-4.3,53.5
-2721.0,48.8,-33590.0,-4.3,53.1
-2720.0,48.3,-33592.0,-4.2,52.5
-2719.0,47.9,-33594.0,-4.1,52.0
-2718.0,47.4,-33595.0,-4.1,51.5
-2717.0,47.0,-33597.0,-4.0,51.0
-2716.0,46.6,-33599.0,-3.9,50.5
-2715.0,46.3,-33601.0,-3.8,50.1
-2714.0,45.9,-33603.0,-3.8,49.7
-2713.0,45.6,-33604.0,-3.7,49.3
-2712.0,45.4,-33606.0,-3.6,49.0
-2711.0,45.2,-33608.0,-3.6,48.8
-2710.0,45.0,-33610.0,-3.5,48.5
-2709.0,44.9,-33612.0,-3.4,48.3
-2708.0,44.8,-33613.0,-3.3,48.1
-2707.0,44.8,-33615.0,-3.3,48.1
-2706.0,44.9,-33617.0,-3.2,48.1
-2705.0,45.1,-33619.0,-3.1,48.2
-2704.0,45.2,-33621.0,-3.0,48.2
-2703.0,45.5,-33622.0,-3.0,48.5
-2702.0,45.7,-33624.0,-2.9,48.6
-2701.0,46.0,-33626.0,-2.8,48.8
-2700.0,46.3,-33628.0,-2.8,49.1
-2699.0,46.5,-33629.0,-2.7,49.2
-2698.0,46.8,-33631.0,-2.6,49.4
-2697.0,47.1,-33633.0,-2.6,49.7
-2696.0,47.3,-33634.0,-2.5,49.8
-2695.0,47.5,-33636.0,-2.4,49.9
-2694.0,47.6,-33637.0,-2.4,50.0
-2693.0,47.7,-33639.0,-2.3,50.0
-2692.0,47.7,-33640.0,-2.3,50.0
-2691.0,47.7,-33642.0,-2.2,49.9
-2690.0,47.6,-33644.0,-2.1,49.7
-2689.0,47.4,-33645.0,-2.1,49.5
-2688.0,47.2,-33647.0,-2.0,49.2
-2687.0,47.0,-33648.0,-1.9,48.9
-2686.0,46.8,-33650.0,-1.9,48.7
-2685.0,46.6,-33652.0,-1.8,48.4
-2684.0,46.3,-33653.0,-1.8,48.1
-2683.0,46.1,-33655.0,-1.7,47.8
-2682.0,45.9,-33656.0,-1.6,47.5
-2681.0,45.7,-33658.0,-1.6,47.3
-2680.0,45.6,-33659.0,-1.5,47.1
-2679.0,45.5,-33661.0,-1.4,46.9
-2678.0,45.4,-33663.0,-1.4,46.8
-2677.0,45.4,-33664.0,-1.3,46.7
-2676.0,45.4,-33666.0,-1.2,46.6
-2675.0,45.4,-33667.0,-1.2,46.6
-2674.0,45.4,-33669.0,-1.1,46.5
-2673.0,45.5,-33670.0,-1.1,46.6
-2672.0,45.6,-33672.0,-1.0,46.6
-2671.0,45.7,-33674.0,-0.9,46.6
-2670.0,45.9,-33675.0,-0.9,46.8
-2669.0,46.0,-33677.0,-0.8,46.8
-2668.0,46.2,-33678.0,-0.7,46.9
-2667.0,46.3,-33680.0,-0.7,47.0
-2666.0,46.5,-33681.0,-0.6,47.1
-2665.0,46.7,-33683.0,-0.6,47.3
-2664.0,46.8,-33685.0,-0.5,47.3
-2663.0,47.0,-33686.0,-0.4,47.4
-2662.0,47.1,-33688.0,-0.4,47.5
-2661.0,47.2,-33689.0,-0.3,47.5
-2660.0,47.2,-33691.0,-0.2,47.4
-2659.0,47.2,-33693.0,-0.2,47.4
-2658.0,47.2,-33694.0,-0.1,47.3
-2657.0,47.1,-33696.0,-0.0,47.1
-2656.0,47.0,-33697.0,0.0,47.0
-2655.0,46.8,-33699.0,0.1,46.7
-2654.0,46.6,-33700.0,0.1,46.5
-2653.0,46.3,-33702.0,0.2,46.1
-2652.0,46.1,-33704.0,0.3,45.8
-2651.0,45.8,-33705.0,0.3,45.5
-2650.0,45.5,-33707.0,0.4,45.1
-2649.0,45.2,-33708.0,0.5,44.7
-2648.0,44.9,-33710.0,0.5,44.4
-2647.0,44.5,-33711.0,0.6,43.9
-2646.0,44.2,-33713.0,0.6,43.6
-2645.0,44.0,-33714.0,0.7,43.3
-2644.0,43.7,-33716.0,0.8,42.9
-2643.0,43.5,-33717.0,0.8,42.7
-2642.0,43.3,-33719.0,0.9,42.4
-2641.0,43.1,-33720.0,0.9,42.2
-2640.0,42.9,-33722.0,1.0,41.9
-2639.0,42.8,-33723.0,1.0,41.8
-2638.0,42.8,-33725.0,1.1,41.7
-2637.0,42.7,-33726.0,1.2,41.5
-2636.0,42.7,-33728.0,1.2,41.5
-2635.0,42.7,-33729.0,1.3,41.4
-2634.0,42.8,-33731.0,1.3,41.5
-2633.0,42.8,-33732.0,1.4,41.4
-2632.0,42.9,-33734.0,1.5,41.4
-2631.0,43.0,-33735.0,1.5,41.5
-2630.0,43.2,-33736.0,1.6,41.6
-2629.0,43.3,-33738.0,1.6,41.7
-2628.0,43.5,-33739.0,1.7,41.8
-2627.0,43.7,-33741.0,1.8,41.9
-2626.0,43.9,-33742.0,1.8,42.1
-2625.0,44.2,-33744.0,1.9,42.3
-2624.0,44.4,-33745.0,1.9,42.5
-2623.0,44.7,-33747.0,2.0,42.7
-2622.0,45.0,-33748.0,2.1,42.9
-2621.0,45.2,-33750.0,2.1,43.1
-2620.0,45.5,-33751.0,2.2,43.3
-2619.0,45.7,-33753.0,2.2,43.5
-2618.0,45.8,-33754.0,2.3,43.5
-2617.0,45.9,-33756.0,2.4,43.5
-2616.0,46.0,-33757.0,2.4,43.6
-2615.0,45.9,-33759.0,2.5,43.4
-2614.0,45.8,-33760.0,2.5,43.3
-2613.0,45.7,-33762.0,2.6,43.1
-2612.0,45.5,-33763.0,2.7,42.8
-2611.0,45.3,-33765.0,2.7,42.6
-2610.0,45.1,-33766.0,2.8,42.3
-2609.0,44.8,-33768.0,2.8,42.0
-2608.0,44.5,-33769.0,2.9,41.6
-2607.0,44.3,-33771.0,3.0,41.3
-2606.0,44.0,-33772.0,3.0,41.0
-2605.0,43.8,-33774.0,3.1,40.7
-2604.0,43.6,-33775.0,3.1,40.5
-2603.0,43.4,-33777.0,3.2,40.2
-2602.0,43.2,-33778.0,3.3,39.9
-2601.0,43.1,-33780.0,3.3,39.8
-2600.0,42.9,-33781.0,3.4,39.5
-2599.0,42.8,-33782.0,3.4,39.4
-2598.0,42.6,-33784.0,3.5,39.1
-2597.0,42.4,-33785.0,3.5,38.9
-2596.0,42.2,-33786.0,3.6,38.6
-2595.0,42.0,-33787.0,3.6,38.4
-2594.0,41.8,-33788.0,3.7,38.1
-2593.0,41.5,-33790.0,3.7,37.8
-2592.0,41.3,-33791.0,3.8,37.5
-2591.0,41.1,-33792.0,3.8,37.3
-2590.0,40.9,-33793.0,3.8,37.1
-2589.0,40.7,-33794.0,3.9,36.8
-2588.0,40.5,-33795.0,3.9,36.6
-2587.0,40.4,-33797.0,4.0,36.4
-2586.0,40.3,-33798.0,4.0,36.3
-2585.0,40.3,-33799.0,4.1,36.2
-2584.0,40.3,-33800.0,4.1,36.2
-2583.0,40.4,-33801.0,4.2,36.2
-2582.0,40.5,-33803.0,4.2,36.3
-2581.0,40.7,-33804.0,4.3,36.4
-2580.0,40.9,-33805.0,4.3,36.6
-2579.0,41.2,-33806.0,4.4,36.8
-2578.0,41.6,-33807.0,4.4,37.2
-2577.0,42.0,-33809.0,4.5,37.5
-2576.0,42.4,-33810.0,4.5,37.9
-2575.0,42.9,-33811.0,4.6,38.3
-2574.0,43.4,-33812.0,4.6,38.8
-2573.0,43.9,-33813.0,4.7,39.2
-2572.0,44.4,-33815.0,4.7,39.7
-2571.0,44.9,-33816.0,4.8,40.1
-2570.0,45.4,-33817.0,4.8,40.6
-2569.0,45.9,-33818.0,4.8,41.1
-2568.0,46.4,-33819.0,4.9,41.5
-2567.0,46.8,-33820.0,4.9,41.9
-2566.0,47.2,-33822.0,5.0,42.2
-2565.0,47.6,-33823.0,5.0,42.6
-2564.0,47.9,-33824.0,5.1,42.8
-2563.0,48.2,-33825.0,5.1,43.1
-2562.0,48.4,-33826.0,5.2,43.2
-2561.0,48.5,-33828.0,5.2,43.3
-2560.0,48.6,-33829.0,5.3,43.3
-2559.0,48.7,-33830.0,5.3,43.4
-2558.0,48.7,-33831.0,5.4,43.3
-2557.0,48.7,-33832.0,5.4,43.3
-2556.0,48.7,-33834.0,5.5,43.2
-2555.0,48.7,-33835.0,5.5,43.2
-2554.0,48.6,-33836.0,5.6,43.0
-2553.0,48.6,-33837.0,5.6,43.0
-2552.0,48.5,-33838.0,5.7,42.8
-2551.0,48.4,-33839.0,5.7,42.7
-2550.0,48.3,-33841.0,5.8,42.5
-2549.0,48.1,-33842.0,5.8,42.3
-2548.0,48.0,-33843.0,5.8,42.2
-2547.0,47.8,-33843.0,5.9,41.9
-2546.0,47.7,-33844.0,5.9,41.8
-2545.0,47.5,-33845.0,5.9,41.6
-2544.0,47.4,-33846.0,6.0,41.4
-2543.0,47.2,-33847.0,6.0,41.2
-2542.0,47.1,-33848.0,6.0,41.1
-2541.0,46.9,-33849.0,6.1,40.8
-2540.0,46.7,-33850.0,6.1,40.6
-2539.0,46.4,-33851.0,6.2,40.2
-2538.0,46.1,-33852.0,6.2,39.9
-2537.0,45.8,-33853.0,6.2,39.6
-2536.0,45.5,-33854.0,6.3,39.2
-2535.0,45.1,-33854.0,6.3,38.8
-2534.0,44.7,-33855.0,6.3,38.4
-2533.0,44.3,-33856.0,6.4,37.9
-2532.0,44.0,-33857.0,6.4,37.6
-2531.0,43.5,-33858.0,6.5,37.0
-2530.0,43.2,-33859.0,6.5,36.7
-2529.0,42.8,-33860.0,6.5,36.3
-2528.0,42.4,-33861.0,6.6,35.8
-2527.0,42.1,-33862.0,6.6,35.5
-2526.0,41.7,-33863.0,6.6,35.1
-2525.0,41.5,-33864.0,6.7,34.8
-2524.0,41.2,-33865.0,6.7,34.5
-2523.0,41.0,-33865.0,6.7,34.3
-2522.0,40.8,-33866.0,6.8,34.0
-2521.0,40.6,-33867.0,6.8,33.8
-2520.0,40.4,-33868.0,6.9,33.5
-2519.0,40.1,-33869.0,6.9,33.2
-2518.0,39.8,-33870.0,6.9,32.9
-2517.0,39.4,-33871.0,7.0,32.4
-2516.0,39.0,-33872.0,7.0,32.0
-2515.0,38.6,-33873.0,7.0,31.6
-2514.0,38.2,-33874.0,7.1,31.1
-2513.0,37.8,-33875.0,7.1,30.7
-2512.0,37.4,-33876.0,7.1,30.3
-2511.0,37.0,-33876.0,7.2,29.8
-2510.0,36.7,-33877.0,7.2,29.5
-2509.0,36.4,-33878.0,7.3,29.1
-2508.0,36.2,-33879.0,7.3,28.9
-2507.0,36.0,-33880.0,7.3,28.7
-2506.0,35.9,-33881.0,7.4,28.5
-2505.0,35.9,-33882.0,7.4,28.5
-2504.0,35.9,-33883.0,7.4,28.5
-2503.0,36.0,-33884.0,7.5,28.5
-2502.0,36.1,-33885.0,7.5,28.6
-2501.0,36.3,-33886.0,7.6,28.7
-2500.0,36.6,-33887.0,7.6,29.0
-2499.0,36.9,-33887.0,7.6,29.3
-2498.0,37.2,-33888.0,7.6,29.6
-2497.0,37.6,-33888.0,7.7,29.9
-2496.0,38.0,-33889.0,7.7,30.3
-2495.0,38.4,-33889.0,7.7,30.7
-2494.0,38.8,-33890.0,7.7,31.1
-2493.0,39.1,-33890.0,7.7,31.4
-2492.0,39.5,-33891.0,7.8,31.7
-2491.0,39.7,-33892.0,7.8,31.9
-2490.0,40.0,-33892.0,7.8,32.2
-2489.0,40.1,-33893.0,7.8,32.3
-2488.0,40.2,-33893.0,7.9,32.3
-2487.0,40.3,-33894.0,7.9,32.4
-2486.0,40.2,-33894.0,7.9,32.3
-2485.0,40.2,-33895.0,7.9,32.3
-2484.0,40.1,-33895.0,7.9,32.2
-2483.0,39.9,-33896.0,8.0,31.9
-2482.0,39.7,-33896.0,8.0,31.7
-2481.0,39.5,-33897.0,8.0,31.5
-2480.0,39.2,-33898.0,8.0,31.2
-2479.0,38.9,-33898.0,8.0,30.9
-2478.0,38.7,-33899.0,8.1,30.6
-2477.0,38.5,-33899.0,8.1,30.4
-2476.0,38.4,-33900.0,8.1,30.3
-2475.0,38.4,-33900.0,8.1,30.3
-2474.0,38.6,-33901.0,8.2,30.4
-2473.0,38.9,-33901.0,8.2,30.7
-2472.0,39.3,-33902.0,8.2,31.1
-2471.0,39.8,-33903.0,8.2,31.6
-2470.0,40.4,-33903.0,8.2,32.2
-2469.0,41.1,-33904.0,8.3,32.8
-2468.0,41.9,-33904.0,8.3,33.6
-2467.0,42.6,-33905.0,8.3,34.3
-2466.0,43.3,-33905.0,8.3,35.0
-2465.0,43.9,-33906.0,8.4,35.5
-2464.0,44.5,-33906.0,8.4,36.1
-2463.0,45.0,-33907.0,8.4,36.6
-2462.0,45.5,-33907.0,8.4,37.1
-2461.0,45.9,-33908.0,8.4,37.5
-2460.0,46.3,-33909.0,8.5,37.8
-2459.0,46.7,-33909.0,8.5,38.2
-2458.0,47.0,-33910.0,8.5,38.5
-2457.0,47.4,-33910.0,8.5,38.9
-2456.0,47.7,-33911.0,8.6,39.1
-2455.0,48.0,-33911.0,8.6,39.4
-2454.0,48.2,-33912.0,8.6,39.6
-2453.0,48.4,-33912.0,8.6,39.8
-2452.0,48.5,-33913.0,8.6,39.9
-2451.0,48.6,-33913.0,8.7,39.9
-2450.0,48.6,-33914.0,8.7,39.9
-2449.0,48.6,-33915.0,8.7,39.9
-2448.0,48.5,-33915.0,8.7,39.8
-2447.0,48.4,-33916.0,8.7,39.7
-2446.0,48.3,-33916.0,8.8,39.5
-2445.0,48.2,-33917.0,8.8,39.4
-2444.0,48.1,-33917.0,8.8,39.3
-2443.0,48.0,-33918.0,8.8,39.2
-2442.0,47.9,-33918.0,8.9,39.0
-2441.0,47.7,-33919.0,8.9,38.8
-2440.0,47.6,-33919.0,8.9,38.7
-2439.0,47.5,-33920.0,8.9,38.6
-2438.0,47.4,-33920.0,8.9,38.5
-2437.0,47.3,-33921.0,9.0,38.3
-2436.0,47.2,-33921.0,9.0,38.2
-2435.0,47.2,-33922.0,9.0,38.2
-2434.0,47.1,-33922.0,9.0,38.1
-2433.0,47.0,-33923.0,9.0,38.0
-2432.0,46.9,-33923.0,9.1,37.8
-2431.0,46.8,-33924.0,9.1,37.7
-2430.0,46.7,-33924.0,9.1,37.6
-2429.0,46.6,-33925.0,9.1,37.5
-2428.0,46.5,-33925.0,9.1,37.4
-2427.0,46.4,-33926.0,9.2,37.2
-2426.0,46.3,-33926.0,9.2,37.1
-2425.0,46.1,-33927.0,9.2,36.9
-2424.0,45.9,-33927.0,9.2,36.7
-2423.0,45.7,-33928.0,9.2,36.5
-2422.0,45.4,-33928.0,9.3,36.1
-2421.0,45.1,-33929.0,9.3,35.8
-2420.0,44.8,-33929.0,9.3,35.5
-2419.0,44.4,-33930.0,9.3,35.1
-2418.0,44.1,-33931.0,9.3,34.8
-2417.0,43.7,-33931.0,9.4,34.3
-2416.0,43.3,-33932.0,9.4,33.9
-2415.0,43.0,-33932.0,9.4,33.6
-2414.0,42.7,-33933.0,9.4,33.3
-2413.0,42.5,-33933.0,9.4,33.1
-2412.0,42.3,-33934.0,9.5,32.8
-2411.0,42.2,-33934.0,9.5,32.7
-2410.0,42.2,-33935.0,9.5,32.7
-2409.0,42.2,-33935.0,9.5,32.7
-2408.0,42.3,-33936.0,9.6,32.7
-2407.0,42.5,-33936.0,9.6,32.9
-2406.0,42.6,-33937.0,9.6,33.0
-2405.0,42.8,-33937.0,9.6,33.2
-2404.0,42.9,-33938.0,9.6,33.3
-2403.0,43.1,-33938.0,9.7,33.4
-2402.0,43.2,-33939.0,9.7,33.5
-2401.0,43.4,-33939.0,9.7,33.7
-2400.0,43.5,-33940.0,9.7,33.8
-2399.0,43.6,-33940.0,9.7,33.9
-2398.0,43.7,-33941.0,9.8,33.9
-2397.0,43.8,-33942.0,9.8,34.0
-2396.0,43.9,-33942.0,9.8,34.1
-2395.0,43.9,-33943.0,9.8,34.1
-2394.0,43.9,-33943.0,9.9,34.0
-2393.0,43.9,-33944.0,9.9,34.0
-2392.0,43.9,-33945.0,9.9,34.0
-2391.0,43.8,-33945.0,9.9,33.9
-2390.0,43.6,-33946.0,10.0,33.6
-2389.0,43.5,-33946.0,10.0,33.5
-2388.0,43.3,-33947.0,10.0,33.3
-2387.0,43.0,-33947.0,10.0,33.0
-2386.0,42.8,-33948.0,10.0,32.8
-2385.0,42.5,-33949.0,10.1,32.4
-2384.0,42.1,-33949.0,10.1,32.0
-2383.0,41.8,-33950.0,10.1,31.7
-2382.0,41.4,-33950.0,10.1,31.3
-2381.0,41.1,-33951.0,10.2,30.9
-2380.0,40.7,-33952.0,10.2,30.5
-2379.0,40.3,-33952.0,10.2,30.1
-2378.0,40.0,-33953.0,10.2,29.8
-2377.0,39.6,-33953.0,10.3,29.3
-2376.0,39.3,-33954.0,10.3,29.0
-2375.0,38.9,-33955.0,10.3,28.6
-2374.0,38.6,-33955.0,10.3,28.3
-2373.0,38.4,-33956.0,10.4,28.0
-2372.0,38.1,-33956.0,10.4,27.7
-2371.0,37.9,-33957.0,10.4,27.5
-2370.0,37.7,-33958.0,10.4,27.3
-2369.0,37.5,-33958.0,10.5,27.0
-2368.0,37.4,-33959.0,10.5,26.9
-2367.0,37.2,-33959.0,10.5,26.7
-2366.0,37.1,-33960.0,10.5,26.6
-2365.0,37.0,-33961.0,10.5,26.5
-2364.0,37.0,-33961.0,10.6,26.4
-2363.0,36.9,-33962.0,10.6,26.3
-2362.0,36.8,-33962.0,10.6,26.2
-2361.0,36.7,-33963.0,10.6,26.1
-2360.0,36.6,-33963.0,10.7,25.9
-2359.0,36.4,-33964.0,10.7,25.7
-2358.0,36.3,-33965.0,10.7,25.6
-2357.0,36.2,-33965.0,10.7,25.5
-2356.0,36.0,-33966.0,10.8,25.2
-2355.0,35.9,-33966.0,10.8,25.1
-2354.0,35.8,-33967.0,10.8,25.0
-2353.0,35.8,-33968.0,10.8,25.0
-2352.0,35.8,-33968.0,10.9,24.9
-2351.0,35.8,-33969.0,10.9,24.9
-2350.0,35.9,-33969.0,10.9,25.0
-2349.0,36.0,-33970.0,10.9,25.1
-2348.0,36.2,-33970.0,10.9,25.3
-2347.0,36.4,-33970.0,10.9,25.5
-2346.0,36.6,-33971.0,10.9,25.7
-2345.0,36.8,-33971.0,11.0,25.8
-2344.0,37.1,-33971.0,11.0,26.1
-2343.0,37.4,-33971.0,11.0,26.4
-2342.0,37.6,-33972.0,11.0,26.6
-2341.0,37.9,-33972.0,11.0,26.9
-2340.0,38.1,-33972.0,11.0,27.1
-2339.0,38.3,-33972.0,11.0,27.3
-2338.0,38.5,-33973.0,11.0,27.5
-2337.0,38.6,-33973.0,11.0,27.6
-2336.0,38.7,-33973.0,11.1,27.6
-2335.0,38.8,-33974.0,11.1,27.7
-2334.0,38.8,-33974.0,11.1,27.7
-2333.0,38.8,-33974.0,11.1,27.7
-2332.0,38.8,-33974.0,11.1,27.7
-2331.0,38.7,-33975.0,11.1,27.6
-2330.0,38.6,-33975.0,11.1,27.5
-2329.0,38.4,-33975.0,11.1,27.3
-2328.0,38.2,-33976.0,11.1,27.1
-2327.0,37.9,-33976.0,11.2,26.7
-2326.0,37.6,-33976.0,11.2,26.4
-2325.0,37.4,-33976.0,11.2,26.2
-2324.0,37.1,-33977.0,11.2,25.9
-2323.0,36.7,-33977.0,11.2,25.5
-2322.0,36.4,-33977.0,11.2,25.2
-2321.0,36.2,-33978.0,11.2,25.0
-2320.0,35.9,-33978.0,11.2,24.7
-2319.0,35.6,-33978.0,11.2,24.4
-2318.0,35.4,-33978.0,11.3,24.1
-2317.0,35.2,-33979.0,11.3,23.9
-2316.0,35.0,-33979.0,11.3,23.7
-2315.0,34.8,-33979.0,11.3,23.5
-2314.0,34.6,-33980.0,11.3,23.3
-2313.0,34.5,-33980.0,11.3,23.2
-2312.0,34.4,-33980.0,11.3,23.1
-2311.0,34.2,-33980.0,11.3,22.9
-2310.0,34.1,-33981.0,11.4,22.7
-2309.0,34.0,-33981.0,11.4,22.6
-2308.0,34.0,-33981.0,11.4,22.6
-2307.0,33.9,-33981.0,11.4,22.5
-2306.0,33.9,-33982.0,11.4,22.5
-2305.0,33.8,-33982.0,11.4,22.4
-2304.0,33.8,-33982.0,11.4,22.4
-2303.0,33.8,-33983.0,11.4,22.4
-2302.0,33.8,-33983.0,11.4,22.4
-2301.0,33.8,-33983.0,11.5,22.3
-2300.0,33.8,-33983.0,11.5,22.3
-2299.0,33.8,-33983.0,11.5,22.3
-2298.0,33.9,-33983.0,11.5,22.4
-2297.0,34.0,-33983.0,11.5,22.5
-2296.0,34.1,-33983.0,11.4,22.7
-2295.0,34.2,-33983.0,11.4,22.8
-2294.0,34.4,-33983.0,11.4,23.0
-2293.0,34.6,-33983.0,11.4,23.2
-2292.0,34.8,-33983.0,11.4,23.4
-2291.0,35.1,-33983.0,11.4,23.7
-2290.0,35.4,-33983.0,11.4,24.0
-2289.0,35.6,-33982.0,11.4,24.2
-2288.0,35.9,-33982.0,11.4,24.5
-2287.0,36.2,-33982.0,11.4,24.8
-2286.0,36.4,-33982.0,11.4,25.0
-2285.0,36.6,-33982.0,11.4,25.2
-2284.0,36.8,-33982.0,11.4,25.4
-2283.0,37.0,-33982.0,11.4,25.6
-2282.0,37.1,-33982.0,11.4,25.7
-2281.0,37.2,-33982.0,11.4,25.8
-2280.0,37.4,-33982.0,11.4,26.0
-2279.0,37.5,-33981.0,11.4,26.1
-2278.0,37.7,-33981.0,11.4,26.3
-2277.0,37.8,-33981.0,11.4,26.4
-2276.0,37.9,-33981.0,11.4,26.5
-2275.0,38.1,-33981.0,11.4,26.7
-2274.0,38.2,-33981.0,11.4,26.8
-2273.0,38.3,-33981.0,11.4,26.9
-2272.0,38.4,-33981.0,11.4,27.0
-2271.0,38.5,-33981.0,11.4,27.1
-2270.0,38.6,-33981.0,11.4,27.2
-2269.0,38.7,-33981.0,11.3,27.4
-2268.0,38.7,-33980.0,11.3,27.4
-2267.0,38.7,-33980.0,11.3,27.4
-2266.0,38.7,-33980.0,11.3,27.4
-2265.0,38.7,-33980.0,11.3,27.4
-2264.0,38.6,-33980.0,11.3,27.3
-2263.0,38.4,-33980.0,11.3,27.1
-2262.0,38.2,-33980.0,11.3,26.9
-2261.0,38.0,-33980.0,11.3,26.7
-2260.0,37.8,-33980.0,11.3,26.5
-2259.0,37.4,-33980.0,11.3,26.1
-2258.0,37.1,-33980.0,11.3,25.8
-2257.0,36.7,-33979.0,11.3,25.4
-2256.0,36.3,-33979.0,11.3,25.0
-2255.0,35.8,-33979.0,11.3,24.5
-2254.0,35.4,-33979.0,11.3,24.1
-2253.0,34.9,-33979.0,11.3,23.6
-2252.0,34.4,-33979.0,11.3,23.1
-2251.0,34.0,-33979.0,11.3,22.7
-2250.0,33.5,-33979.0,11.3,22.2
-2249.0,33.0,-33978.0,11.3,21.7
-2248.0,32.6,-33978.0,11.3,21.3
-2247.0,32.2,-33978.0,11.2,21.0
-2246.0,31.8,-33977.0,11.2,20.6
-2245.0,31.4,-33977.0,11.2,20.2
-2244.0,31.1,-33977.0,11.2,19.9
-2243.0,30.8,-33976.0,11.2,19.6
-2242.0,30.6,-33976.0,11.2,19.4
-2241.0,30.5,-33976.0,11.2,19.3
-2240.0,30.4,-33976.0,11.1,19.3
-2239.0,30.3,-33975.0,11.1,19.2
-2238.0,30.3,-33975.0,11.1,19.2
-2237.0,30.3,-33975.0,11.1,19.2
-2236.0,30.4,-33974.0,11.1,19.3
-2235.0,30.5,-33974.0,11.1,19.4
-2234.0,30.6,-33974.0,11.1,19.5
-2233.0,30.7,-33973.0,11.1,19.6
-2232.0,30.8,-33973.0,11.0,19.8
-2231.0,30.9,-33973.0,11.0,19.9
-2230.0,31.0,-33972.0,11.0,20.0
-2229.0,31.1,-33972.0,11.0,20.1
-2228.0,31.1,-33972.0,11.0,20.1
-2227.0,31.1,-33971.0,11.0,20.1
-2226.0,31.0,-33971.0,11.0,20.0
-2225.0,30.9,-33971.0,11.0,19.9
-2224.0,30.7,-33970.0,10.9,19.8
-2223.0,30.5,-33970.0,10.9,19.6
-2222.0,30.3,-33970.0,10.9,19.4
-2221.0,30.1,-33969.0,10.9,19.2
-2220.0,29.8,-33969.0,10.9,18.9
-2219.0,29.5,-33969.0,10.9,18.6
-2218.0,29.2,-33968.0,10.9,18.3
-2217.0,28.8,-33968.0,10.8,18.0
-2216.0,28.5,-33968.0,10.8,17.7
-2215.0,28.2,-33967.0,10.8,17.4
-2214.0,28.0,-33967.0,10.8,17.2
-2213.0,27.8,-33967.0,10.8,17.0
-2212.0,27.7,-33966.0,10.8,16.9
-2211.0,27.7,-33966.0,10.8,16.9
-2210.0,27.8,-33966.0,10.8,17.0
-2209.0,27.9,-33965.0,10.7,17.2
-2208.0,28.2,-33965.0,10.7,17.5
-2207.0,28.6,-33965.0,10.7,17.9
-2206.0,29.0,-33964.0,10.7,18.3
-2205.0,29.4,-33964.0,10.7,18.7
-2204.0,29.9,-33964.0,10.7,19.2
-2203.0,30.4,-33963.0,10.7,19.7
-2202.0,31.0,-33963.0,10.7,20.3
-2201.0,31.5,-33963.0,10.6,20.9
-2200.0,32.0,-33962.0,10.6,21.4
-2199.0,32.6,-33962.0,10.6,22.0
-2198.0,33.1,-33961.0,10.6,22.5
-2197.0,33.6,-33961.0,10.6,23.0
-2196.0,34.0,-33960.0,10.5,23.5
-2195.0,34.5,-33960.0,10.5,24.0
-2194.0,34.8,-33959.0,10.5,24.3
-2193.0,35.2,-33958.0,10.5,24.7
-2192.0,35.5,-33958.0,10.4,25.1
-2191.0,35.7,-33957.0,10.4,25.3
-2190.0,35.8,-33957.0,10.4,25.4
-2189.0,35.9,-33956.0,10.4,25.5
-2188.0,36.0,-33956.0,10.3,25.7
-2187.0,35.9,-33955.0,10.3,25.6
-2186.0,35.9,-33954.0,10.3,25.6
-2185.0,35.8,-33954.0,10.3,25.5
-2184.0,35.6,-33953.0,10.3,25.3
-2183.0,35.4,-33953.0,10.2,25.2
-2182.0,35.1,-33952.0,10.2,24.9
-2181.0,34.8,-33951.0,10.2,24.6
-2180.0,34.5,-33951.0,10.2,24.3
-2179.0,34.1,-33950.0,10.1,24.0
-2178.0,33.8,-33950.0,10.1,23.7
-2177.0,33.4,-33949.0,10.1,23.3
-2176.0,33.1,-33949.0,10.1,23.0
-2175.0,32.7,-33948.0,10.0,22.7
-2174.0,32.4,-33947.0,10.0,22.4
-2173.0,32.0,-33947.0,10.0,22.0
-2172.0,31.7,-33946.0,10.0,21.7
-2171.0,31.3,-33946.0,10.0,21.3
-2170.0,31.0,-33945.0,9.9,21.1
-2169.0,30.6,-33945.0,9.9,20.7
-2168.0,30.3,-33944.0,9.9,20.4
-2167.0,30.0,-33943.0,9.9,20.1
-2166.0,29.7,-33943.0,9.8,19.9
-2165.0,29.3,-33942.0,9.8,19.5
-2164.0,29.0,-33942.0,9.8,19.2
-2163.0,28.7,-33941.0,9.8,18.9
-2162.0,28.4,-33940.0,9.7,18.7
-2161.0,28.2,-33940.0,9.7,18.5
-2160.0,27.9,-33939.0,9.7,18.2
-2159.0,27.7,-33939.0,9.7,18.0
-2158.0,27.4,-33938.0,9.7,17.7
-2157.0,27.2,-33938.0,9.6,17.6
-2156.0,27.0,-33937.0,9.6,17.4
-2155.0,26.9,-33936.0,9.6,17.3
-2154.0,26.8,-33936.0,9.6,17.2
-2153.0,26.7,-33935.0,9.5,17.2
-2152.0,26.7,-33935.0,9.5,17.2
-2151.0,26.8,-33934.0,9.5,17.3
-2150.0,26.9,-33934.0,9.5,17.4
-2149.0,27.1,-33933.0,9.4,17.7
-2148.0,27.3,-33932.0,9.4,17.9
-2147.0,27.5,-33931.0,9.4,18.1
-2146.0,27.8,-33931.0,9.4,18.4
-2145.0,28.1,-33930.0,9.3,18.8
-2144.0,28.4,-33929.0,9.3,19.1
-2143.0,28.8,-33929.0,9.3,19.5
-2142.0,29.2,-33928.0,9.2,20.0
-2141.0,29.6,-33927.0,9.2,20.4
-2140.0,30.0,-33926.0,9.2,20.8
-2139.0,30.4,-33926.0,9.2,21.2
-2138.0,30.8,-33925.0,9.1,21.7
-2137.0,31.2,-33924.0,9.1,22.1
-2136.0,31.6,-33924.0,9.1,22.5
-2135.0,31.9,-33923.0,9.0,22.9
-2134.0,32.3,-33922.0,9.0,23.3
-2133.0,32.6,-33922.0,9.0,23.6
-2132.0,32.9,-33921.0,9.0,23.9
-2131.0,33.2,-33920.0,8.9,24.3
-2130.0,33.4,-33919.0,8.9,24.5
-2129.0,33.6,-33919.0,8.9,24.7
-2128.0,33.8,-33918.0,8.8,25.0
-2127.0,33.9,-33917.0,8.8,25.1
-2126.0,34.0,-33917.0,8.8,25.2
-2125.0,34.1,-33916.0,8.8,25.3
-2124.0,34.1,-33915.0,8.7,25.4
-2123.0,34.1,-33915.0,8.7,25.4
-2122.0,34.1,-33914.0,8.7,25.4
-2121.0,34.0,-33913.0,8.6,25.4
-2120.0,34.0,-33912.0,8.6,25.4
-2119.0,34.0,-33912.0,8.6,25.4
-2118.0,34.0,-33911.0,8.6,25.4
-2117.0,34.0,-33910.0,8.5,25.5
-2116.0,34.0,-33910.0,8.5,25.5
-2115.0,34.0,-33909.0,8.5,25.5
-2114.0,34.1,-33908.0,8.5,25.6
-2113.0,34.1,-33907.0,8.4,25.7
-2112.0,34.1,-33907.0,8.4,25.7
-2111.0,34.1,-33906.0,8.4,25.7
-2110.0,34.1,-33905.0,8.3,25.8
-2109.0,34.1,-33905.0,8.3,25.8
-2108.0,34.1,-33904.0,8.3,25.8
-2107.0,34.0,-33903.0,8.3,25.7
-2106.0,33.9,-33903.0,8.2,25.7
-2105.0,33.7,-33902.0,8.2,25.5
-2104.0,33.6,-33901.0,8.2,25.4
-2103.0,33.4,-33900.0,8.1,25.3
-2102.0,33.1,-33900.0,8.1,25.0
-2101.0,32.9,-33899.0,8.1,24.8
-2100.0,32.6,-33898.0,8.1,24.5
-2099.0,32.3,-33898.0,8.0,24.3
-2098.0,32.1,-33898.0,8.0,24.1
-2097.0,31.7,-33897.0,8.0,23.7
-2096.0,31.4,-33897.0,8.0,23.4
-2095.0,31.1,-33897.0,8.0,23.1
-2094.0,30.7,-33896.0,8.0,22.7
-2093.0,30.4,-33896.0,8.0,22.4
-2092.0,30.0,-33896.0,8.0,22.0
-2091.0,29.6,-33895.0,7.9,21.7
-2090.0,29.3,-33895.0,7.9,21.4
-2089.0,28.9,-33895.0,7.9,21.0
-2088.0,28.5,-33894.0,7.9,20.6
-2087.0,28.2,-33894.0,7.9,20.3
-2086.0,27.8,-33894.0,7.9,19.9
-2085.0,27.4,-33894.0,7.9,19.5
-2084.0,27.1,-33893.0,7.9,19.2
-2083.0,26.7,-33893.0,7.8,18.9
-2082.0,26.4,-33893.0,7.8,18.6
-2081.0,26.1,-33892.0,7.8,18.3
-2080.0,25.7,-33892.0,7.8,17.9
-2079.0,25.5,-33892.0,7.8,17.7
-2078.0,25.2,-33891.0,7.8,17.4
-2077.0,24.9,-33891.0,7.8,17.1
-2076.0,24.7,-33891.0,7.8,16.9
-2075.0,24.5,-33890.0,7.7,16.8
-2074.0,24.3,-33890.0,7.7,16.6
-2073.0,24.1,-33890.0,7.7,16.4
-2072.0,24.0,-33889.0,7.7,16.3
-2071.0,23.8,-33889.0,7.7,16.1
-2070.0,23.7,-33889.0,7.7,16.0
-2069.0,23.6,-33888.0,7.7,15.9
-2068.0,23.5,-33888.0,7.6,15.9
-2067.0,23.4,-33888.0,7.6,15.8
-2066.0,23.4,-33887.0,7.6,15.8
-2065.0,23.4,-33887.0,7.6,15.8
-2064.0,23.3,-33887.0,7.6,15.7
-2063.0,23.3,-33886.0,7.6,15.7
-2062.0,23.3,-33886.0,7.6,15.7
-2061.0,23.3,-33886.0,7.6,15.7
-2060.0,23.2,-33886.0,7.5,15.7
-2059.0,23.2,-33885.0,7.5,15.7
-2058.0,23.2,-33885.0,7.5,15.7
-2057.0,23.1,-33885.0,7.5,15.6
-2056.0,23.1,-33884.0,7.5,15.6
-2055.0,23.1,-33884.0,7.5,15.6
-2054.0,23.0,-33884.0,7.5,15.5
-2053.0,23.0,-33883.0,7.5,15.5
-2052.0,23.0,-33883.0,7.4,15.6
-2051.0,22.9,-33883.0,7.4,15.5
-2050.0,22.9,-33882.0,7.4,15.5
-2049.0,22.9,-33882.0,7.4,15.5
-2048.0,22.9,-33882.0,7.4,15.5
-2047.0,22.8,-33883.0,7.4,15.4
-2046.0,22.8,-33883.0,7.4,15.4
-2045.0,22.9,-33883.0,7.4,15.5
-2044.0,22.9,-33883.0,7.4,15.5
-2043.0,22.9,-33883.0,7.4,15.5
-2042.0,23.0,-33883.0,7.4,15.6
-2041.0,23.1,-33883.0,7.4,15.7
-2040.0,23.2,-33883.0,7.4,15.8
-2039.0,23.4,-33883.0,7.4,16.0
-2038.0,23.6,-33883.0,7.4,16.2
-2037.0,23.9,-33883.0,7.4,16.5
-2036.0,24.2,-33883.0,7.5,16.7
-2035.0,24.4,-33883.0,7.5,16.9
-2034.0,24.8,-33883.0,7.5,17.3
-2033.0,25.1,-33883.0,7.5,17.6
-2032.0,25.4,-33883.0,7.5,17.9
-2031.0,25.7,-33883.0,7.5,18.2
-2030.0,26.0,-33883.0,7.5,18.5
-2029.0,26.2,-33884.0,7.5,18.7
-2028.0,26.5,-33884.0,7.5,19.0
-2027.0,26.7,-33884.0,7.5,19.2
-2026.0,26.9,-33884.0,7.5,19.4
-2025.0,27.1,-33884.0,7.5,19.6
-2024.0,27.2,-33884.0,7.5,19.7
-2023.0,27.3,-33884.0,7.5,19.8
-2022.0,27.5,-33884.0,7.5,20.0
-2021.0,27.6,-33884.0,7.5,20.1
-2020.0,27.7,-33884.0,7.5,20.2
-2019.0,27.9,-33884.0,7.5,20.4
-2018.0,28.0,-33884.0,7.5,20.5
-2017.0,28.1,-33884.0,7.5,20.6
-2016.0,28.3,-33884.0,7.5,20.8
-2015.0,28.4,-33884.0,7.5,20.9
-2014.0,28.5,-33884.0,7.5,21.0
-2013.0,28.7,-33884.0,7.5,21.2
-2012.0,28.8,-33884.0,7.5,21.3
-2011.0,28.8,-33885.0,7.5,21.3
-2010.0,28.9,-33885.0,7.5,21.4
-2009.0,29.0,-33885.0,7.5,21.5
-2008.0,29.0,-33885.0,7.5,21.5
-2007.0,29.0,-33885.0,7.5,21.5
-2006.0,28.9,-33885.0,7.5,21.4
-2005.0,28.8,-33885.0,7.5,21.3
-2004.0,28.7,-33885.0,7.5,21.2
-2003.0,28.5,-33885.0,7.5,21.0
-2002.0,28.3,-33885.0,7.5,20.8
-2001.0,28.0,-33885.0,7.5,20.5
-2000.0,27.6,-33885.0,7.5,20.1
-1999.0,27.2,-33885.0,7.5,19.7
-1998.0,26.7,-33886.0,7.6,19.1
-1997.0,26.2,-33886.0,7.6,18.6
-1996.0,25.7,-33886.0,7.6,18.1
-1995.0,25.1,-33886.0,7.6,17.5
-1994.0,24.6,-33887.0,7.6,17.0
-1993.0,24.0,-33887.0,7.6,16.4
-1992.0,23.5,-33887.0,7.6,15.9
-1991.0,23.1,-33888.0,7.6,15.5
-1990.0,22.6,-33888.0,7.6,15.0
-1989.0,22.3,-33888.0,7.6,14.7
-1988.0,22.0,-33888.0,7.7,14.3
-1987.0,21.8,-33889.0,7.7,14.1
-1986.0,21.7,-33889.0,7.7,14.0
-1985.0,21.7,-33889.0,7.7,14.0
-1984.0,21.8,-33889.0,7.7,14.1
-1983.0,22.0,-33890.0,7.7,14.3
-1982.0,22.2,-33890.0,7.7,14.5
-1981.0,22.4,-33890.0,7.7,14.7
-1980.0,22.8,-33890.0,7.7,15.1
-1979.0,23.0,-33891.0,7.8,15.2
-1978.0,23.3,-33891.0,7.8,15.5
-1977.0,23.6,-33891.0,7.8,15.8
-1976.0,23.9,-33891.0,7.8,16.1
-1975.0,24.1,-33892.0,7.8,16.3
-1974.0,24.2,-33892.0,7.8,16.4
-1973.0,24.3,-33892.0,7.8,16.5
-1972.0,24.4,-33893.0,7.8,16.6
-1971.0,24.3,-33893.0,7.8,16.5
-1970.0,24.3,-33893.0,7.8,16.5
-1969.0,24.2,-33893.0,7.9,16.3
-1968.0,24.1,-33894.0,7.9,16.2
-1967.0,23.9,-33894.0,7.9,16.0
-1966.0,23.8,-33894.0,7.9,15.9
-1965.0,23.6,-33894.0,7.9,15.7
-1964.0,23.5,-33895.0,7.9,15.6
-1963.0,23.3,-33895.0,7.9,15.4
-1962.0,23.2,-33895.0,7.9,15.3
-1961.0,23.1,-33895.0,7.9,15.2
-1960.0,23.0,-33896.0,8.0,15.0
-1959.0,22.9,-33896.0,8.0,14.9
-1958.0,22.8,-33896.0,8.0,14.8
-1957.0,22.8,-33897.0,8.0,14.8
-1956.0,22.8,-33897.0,8.0,14.8
-1955.0,22.8,-33897.0,8.0,14.8
-1954.0,22.8,-33897.0,8.0,14.8
-1953.0,22.9,-33898.0,8.0,14.9
-1952.0,23.0,-33898.0,8.0,15.0
-1951.0,23.1,-33898.0,8.1,15.0
-1950.0,23.1,-33898.0,8.1,15.0
-1949.0,23.2,-33899.0,8.1,15.1
-1948.0,23.3,-33899.0,8.1,15.2
-1947.0,23.5,-33899.0,8.1,15.4
-1946.0,23.6,-33899.0,8.1,15.5
-1945.0,23.7,-33900.0,8.1,15.6
-1944.0,23.8,-33900.0,8.1,15.7
-1943.0,23.9,-33900.0,8.1,15.8
-1942.0,23.9,-33900.0,8.1,15.8
-1941.0,24.0,-33900.0,8.1,15.9
-1940.0,24.1,-33901.0,8.2,15.9
-1939.0,24.1,-33901.0,8.2,15.9
-1938.0,24.1,-33901.0,8.2,15.9
-1937.0,24.1,-33901.0,8.2,15.9
-1936.0,24.1,-33902.0,8.2,15.9
-1935.0,24.1,-33902.0,8.2,15.9
-1934.0,24.1,-33902.0,8.2,15.9
-1933.0,24.1,-33902.0,8.2,15.9
-1932.0,24.1,-33902.0,8.2,15.9
-1931.0,24.1,-33903.0,8.2,15.9
-1930.0,24.1,-33903.0,8.2,15.9
-1929.0,24.1,-33903.0,8.2,15.9
-1928.0,24.1,-33903.0,8.3,15.8
-1927.0,24.1,-33904.0,8.3,15.8
-1926.0,24.2,-33904.0,8.3,15.9
-1925.0,24.2,-33904.0,8.3,15.9
-1924.0,24.2,-33904.0,8.3,15.9
-1923.0,24.2,-33904.0,8.3,15.9
-1922.0,24.2,-33905.0,8.3,15.9
-1921.0,24.2,-33905.0,8.3,15.9
-1920.0,24.1,-33905.0,8.3,15.8
-1919.0,24.1,-33905.0,8.3,15.8
-1918.0,24.0,-33906.0,8.3,15.7
-1917.0,23.9,-33906.0,8.4,15.5
-1916.0,23.8,-33906.0,8.4,15.4
-1915.0,23.7,-33906.0,8.4,15.3
-1914.0,23.6,-33906.0,8.4,15.2
-1913.0,23.4,-33907.0,8.4,15.0
-1912.0,23.3,-33907.0,8.4,14.9
-1911.0,23.1,-33907.0,8.4,14.7
-1910.0,22.9,-33907.0,8.4,14.5
-1909.0,22.8,-33908.0,8.4,14.4
-1908.0,22.6,-33908.0,8.4,14.2
-1907.0,22.4,-33908.0,8.4,14.0
-1906.0,22.3,-33908.0,8.5,13.8
-1905.0,22.2,-33908.0,8.5,13.7
-1904.0,22.0,-33909.0,8.5,13.5
-1903.0,21.9,-33909.0,8.5,13.4
-1902.0,21.8,-33909.0,8.5,13.3
-1901.0,21.7,-33909.0,8.5,13.2
-1900.0,21.7,-33910.0,8.5,13.2
-1899.0,21.7,-33910.0,8.5,13.2
-1898.0,21.7,-33910.0,8.5,13.2
-1897.0,21.7,-33910.0,8.5,13.2
-1896.0,21.8,-33910.0,8.5,13.3
-1895.0,21.9,-33910.0,8.5,13.4
-1894.0,22.0,-33910.0,8.5,13.5
-1893.0,22.1,-33910.0,8.5,13.6
-1892.0,22.2,-33910.0,8.5,13.7
-1891.0,22.4,-33910.0,8.5,13.9
-1890.0,22.6,-33911.0,8.5,14.1
-1889.0,22.8,-33911.0,8.6,14.2
-1888.0,23.0,-33911.0,8.6,14.4
-1887.0,23.2,-33911.0,8.6,14.6
-1886.0,23.5,-33911.0,8.6,14.9
-1885.0,23.8,-33911.0,8.6,15.2
-1884.0,24.1,-33911.0,8.6,15.5
-1883.0,24.4,-33911.0,8.6,15.8
-1882.0,24.7,-33911.0,8.6,16.1
-1881.0,25.0,-33911.0,8.6,16.4
-1880.0,25.3,-33912.0,8.6,16.7
-1879.0,25.7,-33912.0,8.6,17.1
-1878.0,26.0,-33912.0,8.6,17.4
-1877.0,26.4,-33912.0,8.6,17.8
-1876.0,26.8,-33912.0,8.6,18.2
-1875.0,27.1,-33912.0,8.6,18.5
-1874.0,27.5,-33912.0,8.6,18.9
-1873.0,27.8,-33912.0,8.6,19.2
-1872.0,28.1,-33912.0,8.6,19.5
-1871.0,28.4,-33912.0,8.6,19.8
-1870.0,28.7,-33912.0,8.6,20.1
-1869.0,29.0,-33913.0,8.6,20.4
-1868.0,29.3,-33913.0,8.6,20.7
-1867.0,29.5,-33913.0,8.6,20.9
-1866.0,29.7,-33913.0,8.6,21.1
-1865.0,29.9,-33913.0,8.6,21.3
-1864.0,30.0,-33913.0,8.6,21.4
-1863.0,30.1,-33913.0,8.7,21.4
-1862.0,30.2,-33913.0,8.7,21.5
-1861.0,30.2,-33913.0,8.7,21.5
-1860.0,30.2,-33913.0,8.7,21.5
-1859.0,30.1,-33914.0,8.7,21.4
-1858.0,30.0,-33914.0,8.7,21.3
-1857.0,29.9,-33914.0,8.7,21.2
-1856.0,29.7,-33914.0,8.7,21.0
-1855.0,29.5,-33914.0,8.7,20.8
-1854.0,29.2,-33914.0,8.7,20.5
-1853.0,28.9,-33914.0,8.7,20.2
-1852.0,28.6,-33914.0,8.7,19.9
-1851.0,28.2,-33914.0,8.7,19.5
-1850.0,27.8,-33914.0,8.7,19.1
-1849.0,27.3,-33915.0,8.7,18.6
-1848.0,26.8,-33915.0,8.7,18.1
-1847.0,26.3,-33915.0,8.7,17.6
-1846.0,25.7,-33915.0,8.7,17.0
-1845.0,25.1,-33916.0,8.7,16.4
-1844.0,24.5,-33916.0,8.8,15.7
-1843.0,23.8,-33916.0,8.8,15.0
-1842.0,23.2,-33916.0,8.8,14.4
-1841.0,22.6,-33917.0,8.8,13.8
-1840.0,22.0,-33917.0,8.8,13.2
-1839.0,21.5,-33917.0,8.8,12.7
-1838.0,20.9,-33917.0,8.8,12.1
-1837.0,20.5,-33918.0,8.8,11.7
-1836.0,20.0,-33918.0,8.8,11.2
-1835.0,19.7,-33918.0,8.8,10.9
-1834.0,19.4,-33918.0,8.9,10.5
-1833.0,19.1,-33919.0,8.9,10.2
-1832.0,19.0,-33919.0,8.9,10.1
-1831.0,18.9,-33919.0,8.9,10.0
-1830.0,18.9,-33919.0,8.9,10.0
-1829.0,19.0,-33920.0,8.9,10.1
-1828.0,19.1,-33920.0,8.9,10.2
-1827.0,19.2,-33920.0,8.9,10.3
-1826.0,19.4,-33920.0,8.9,10.5
-1825.0,19.6,-33921.0,8.9,10.7
-1824.0,19.8,-33921.0,9.0,10.8
-1823.0,20.0,-33921.0,9.0,11.0
-1822.0,20.2,-33921.0,9.0,11.2
-1821.0,20.5,-33921.0,9.0,11.5
-1820.0,20.7,-33922.0,9.0,11.7
-1819.0,20.9,-33922.0,9.0,11.9
-1818.0,21.0,-33922.0,9.0,12.0
-1817.0,21.2,-33922.0,9.0,12.2
-1816.0,21.3,-33923.0,9.0,12.3
-1815.0,21.3,-33923.0,9.0,12.3
-1814.0,21.4,-33923.0,9.1,12.3
-1813.0,21.4,-33923.0,9.1,12.3
-1812.0,21.4,-33924.0,9.1,12.3
-1811.0,21.3,-33924.0,9.1,12.2
-1810.0,21.2,-33924.0,9.1,12.1
-1809.0,21.1,-33924.0,9.1,12.0
-1808.0,21.0,-33925.0,9.1,11.9
-1807.0,20.8,-33925.0,9.1,11.7
-1806.0,20.6,-33925.0,9.1,11.5
-1805.0,20.4,-33925.0,9.1,11.3
-1804.0,20.2,-33926.0,9.2,11.0
-1803.0,19.9,-33926.0,9.2,10.7
-1802.0,19.7,-33926.0,9.2,10.5
-1801.0,19.4,-33926.0,9.2,10.2
-1800.0,19.1,-33927.0,9.2,9.9
-1799.0,18.7,-33927.0,9.2,9.5
-1798.0,18.4,-33928.0,9.2,9.2
-1797.0,18.0,-33929.0,9.3,8.7
-1796.0,17.7,-33929.0,9.3,8.4
-1795.0,17.3,-33930.0,9.3,8.0
-1794.0,17.0,-33931.0,9.4,7.6
-1793.0,16.6,-33931.0,9.4,7.2
-1792.0,16.3,-33932.0,9.4,6.9
-1791.0,16.0,-33933.0,9.4,6.6
-1790.0,15.7,-33933.0,9.5,6.2
-1789.0,15.4,-33934.0,9.5,5.9
-1788.0,15.2,-33935.0,9.5,5.7
-1787.0,15.0,-33935.0,9.5,5.5
-1786.0,14.8,-33936.0,9.6,5.2
-1785.0,14.6,-33937.0,9.6,5.0
-1784.0,14.5,-33937.0,9.6,4.9
-1783.0,14.5,-33938.0,9.6,4.9
-1782.0,14.5,-33939.0,9.7,4.8
-1781.0,14.5,-33939.0,9.7,4.8
-1780.0,14.7,-33940.0,9.7,5.0
-1779.0,14.8,-33941.0,9.8,5.0
-1778.0,15.0,-33941.0,9.8,5.2
-1777.0,15.3,-33942.0,9.8,5.5
-1776.0,15.6,-33943.0,9.8,5.8
-1775.0,15.9,-33943.0,9.9,6.0
-1774.0,16.2,-33944.0,9.9,6.3
-1773.0,16.5,-33945.0,9.9,6.6
-1772.0,16.8,-33945.0,9.9,6.9
-1771.0,17.1,-33946.0,10.0,7.1
-1770.0,17.4,-33947.0,10.0,7.4
-1769.0,17.7,-33947.0,10.0,7.7
-1768.0,17.9,-33948.0,10.0,7.9
-1767.0,18.1,-33949.0,10.1,8.0
-1766.0,18.3,-33949.0,10.1,8.2
-1765.0,18.4,-33950.0,10.1,8.3
-1764.0,18.4,-33951.0,10.1,8.3
-1763.0,18.3,-33951.0,10.2,8.1
-1762.0,18.2,-33952.0,10.2,8.0
-1761.0,18.1,-33953.0,10.2,7.9
-1760.0,17.9,-33953.0,10.3,7.6
-1759.0,17.7,-33954.0,10.3,7.4
-1758.0,17.5,-33955.0,10.3,7.2
-1757.0,17.3,-33955.0,10.3,7.0
-1756.0,17.0,-33956.0,10.4,6.6
-1755.0,16.8,-33957.0,10.4,6.4
-1754.0,16.6,-33957.0,10.4,6.2
-1753.0,16.5,-33958.0,10.4,6.1
-1752.0,16.4,-33959.0,10.5,5.9
-1751.0,16.3,-33959.0,10.5,5.8
-1750.0,16.3,-33960.0,10.5,5.8
-1749.0,16.4,-33961.0,10.5,5.9
-1748.0,16.6,-33961.0,10.6,6.0
-1747.0,16.8,-33962.0,10.6,6.2
-1746.0,17.0,-33963.0,10.6,6.4
-1745.0,17.4,-33963.0,10.7,6.7
-1744.0,17.7,-33964.0,10.7,7.0
-1743.0,18.1,-33964.0,10.7,7.4
-1742.0,18.6,-33965.0,10.7,7.9
-1741.0,19.0,-33966.0,10.8,8.2
-1740.0,19.4,-33966.0,10.8,8.6
-1739.0,19.9,-33967.0,10.8,9.1
-1738.0,20.3,-33968.0,10.8,9.5
-1737.0,20.7,-33968.0,10.9,9.8
-1736.0,21.1,-33969.0,10.9,10.2
-1735.0,21.5,-33970.0,10.9,10.6
-1734.0,21.8,-33970.0,10.9,10.9
-1733.0,22.1,-33971.0,11.0,11.1
-1732.0,22.3,-33972.0,11.0,11.3
-1731.0,22.4,-33972.0,11.0,11.4
-1730.0,22.6,-33973.0,11.0,11.6
-1729.0,22.6,-33973.0,11.1,11.5
-1728.0,22.6,-33974.0,11.1,11.5
-1727.0,22.6,-33975.0,11.1,11.5
-1726.0,22.6,-33975.0,11.1,11.5
-1725.0,22.4,-33976.0,11.2,11.2
-1724.0,22.3,-33977.0,11.2,11.1
-1723.0,22.1,-33977.0,11.2,10.9
-1722.0,21.8,-33978.0,11.2,10.6
-1721.0,21.5,-33979.0,11.3,10.2
-1720.0,21.1,-33979.0,11.3,9.8
-1719.0,20.8,-33980.0,11.3,9.5
-1718.0,20.3,-33981.0,11.3,9.0
-1717.0,19.9,-33981.0,11.4,8.5
-1716.0,19.4,-33982.0,11.4,8.0
-1715.0,18.8,-33983.0,11.4,7.4
-1714.0,18.3,-33983.0,11.5,6.8
-1713.0,17.7,-33984.0,11.5,6.2
-1712.0,17.2,-33984.0,11.5,5.7
-1711.0,16.7,-33985.0,11.5,5.2
-1710.0,16.2,-33986.0,11.6,4.6
-1709.0,15.7,-33986.0,11.6,4.1
-1708.0,15.2,-33987.0,11.6,3.6
-1707.0,14.8,-33988.0,11.6,3.2
-1706.0,14.5,-33988.0,11.7,2.8
-1705.0,14.2,-33989.0,11.7,2.5
-1704.0,14.0,-33990.0,11.7,2.3
-1703.0,13.8,-33990.0,11.7,2.1
-1702.0,13.7,-33991.0,11.8,1.9
-1701.0,13.8,-33992.0,11.8,2.0
-1700.0,13.9,-33992.0,11.8,2.1
-1699.0,14.1,-33992.0,11.8,2.3
-1698.0,14.3,-33992.0,11.8,2.5
-1697.0,14.5,-33991.0,11.8,2.7
-1696.0,14.8,-33991.0,11.8,3.0
-1695.0,15.0,-33991.0,11.8,3.2
-1694.0,15.2,-33991.0,11.7,3.5
-1693.0,15.5,-33990.0,11.7,3.8
-1692.0,15.8,-33990.0,11.7,4.1
-1691.0,16.1,-33990.0,11.7,4.4
-1690.0,16.5,-33989.0,11.7,4.8
-1689.0,16.9,-33989.0,11.7,5.2
-1688.0,17.3,-33989.0,11.7,5.6
-1687.0,17.7,-33989.0,11.7,6.0
-1686.0,18.0,-33988.0,11.7,6.3
-1685.0,18.1,-33988.0,11.6,6.5
-1684.0,18.2,-33988.0,11.6,6.6
-1683.0,18.2,-33987.0,11.6,6.6
-1682.0,18.2,-33987.0,11.6,6.6
-1681.0,18.2,-33987.0,11.6,6.6
-1680.0,18.1,-33987.0,11.6,6.5
-1679.0,18.1,-33986.0,11.6,6.5
-1678.0,18.0,-33986.0,11.6,6.4
-1677.0,17.9,-33986.0,11.6,6.3
-1676.0,17.8,-33985.0,11.5,6.3
-1675.0,17.6,-33985.0,11.5,6.1
-1674.0,17.6,-33985.0,11.5,6.1
-1673.0,17.5,-33985.0,11.5,6.0
-1672.0,17.3,-33984.0,11.5,5.8
-1671.0,17.2,-33984.0,11.5,5.7
-1670.0,17.2,-33984.0,11.5,5.7
-1669.0,17.1,-33984.0,11.5,5.6
-1668.0,17.1,-33983.0,11.5,5.6
-1667.0,17.1,-33983.0,11.4,5.7
-1666.0,17.2,-33983.0,11.4,5.8
-1665.0,17.3,-33982.0,11.4,5.9
-1664.0,17.3,-33982.0,11.4,5.9
-1663.0,17.3,-33982.0,11.4,5.9
-1662.0,17.2,-33982.0,11.4,5.8
-1661.0,17.1,-33981.0,11.4,5.7
-1660.0,16.9,-33981.0,11.4,5.5
-1659.0,16.7,-33981.0,11.4,5.3
-1658.0,16.5,-33980.0,11.3,5.2
-1657.0,16.2,-33980.0,11.3,4.9
-1656.0,16.0,-33980.0,11.3,4.7
-1655.0,15.8,-33980.0,11.3,4.5
-1654.0,15.5,-33979.0,11.3,4.2
-1653.0,15.2,-33979.0,11.3,3.9
-1652.0,14.8,-33979.0,11.3,3.5
-1651.0,14.3,-33978.0,11.3,3.0
-1650.0,13.9,-33978.0,11.3,2.6
-1649.0,13.4,-33976.0,11.2,2.2
-1648.0,13.0,-33975.0,11.1,1.9
-1647.0,12.8,-33973.0,11.0,1.8
-1646.0,12.7,-33971.0,11.0,1.7
-1645.0,12.8,-33969.0,10.9,1.9
-1644.0,13.0,-33967.0,10.8,2.2
-1643.0,13.2,-33966.0,10.8,2.4
-1642.0,13.3,-33964.0,10.7,2.6
-1641.0,13.4,-33962.0,10.6,2.8
-1640.0,13.4,-33960.0,10.5,2.9
-1639.0,13.3,-33958.0,10.5,2.8
-1638.0,13.3,-33957.0,10.4,2.9
-1637.0,13.2,-33955.0,10.3,2.9
-1636.0,13.1,-33953.0,10.3,2.8
-1635.0,13.1,-33951.0,10.2,2.9
-1634.0,13.1,-33950.0,10.1,3.0
-1633.0,13.1,-33948.0,10.0,3.1
-1632.0,13.0,-33946.0,10.0,3.0
-1631.0,13.0,-33944.0,9.9,3.1
-1630.0,13.0,-33942.0,9.8,3.2
-1629.0,13.0,-33941.0,9.7,3.3
-1628.0,13.0,-33939.0,9.7,3.3
-1627.0,13.0,-33937.0,9.6,3.4
-1626.0,13.1,-33935.0,9.5,3.6
-1625.0,13.3,-33933.0,9.5,3.8
-1624.0,13.6,-33932.0,9.4,4.2
-1623.0,13.9,-33930.0,9.3,4.6
-1622.0,14.2,-33928.0,9.2,5.0
-1621.0,14.6,-33926.0,9.2,5.4
-1620.0,14.9,-33924.0,9.1,5.8
-1619.0,15.2,-33923.0,9.0,6.2
-1618.0,15.4,-33921.0,9.0,6.4
-1617.0,15.6,-33919.0,8.9,6.7
-1616.0,15.8,-33917.0,8.8,7.0
-1615.0,16.0,-33916.0,8.7,7.3
-1614.0,16.4,-33914.0,8.7,7.7
-1613.0,16.7,-33912.0,8.6,8.1
-1612.0,16.9,-33910.0,8.5,8.4
-1611.0,17.2,-33908.0,8.5,8.7
-1610.0,17.5,-33907.0,8.4,9.1
-1609.0,17.8,-33905.0,8.3,9.5
-1608.0,18.0,-33903.0,8.2,9.8
-1607.0,18.2,-33901.0,8.2,10.0
-1606.0,18.2,-33899.0,8.1,10.1
-1605.0,18.0,-33898.0,8.0,10.0
-1604.0,17.8,-33896.0,8.0,9.8
-1603.0,17.6,-33894.0,7.9,9.7
-1602.0,17.4,-33892.0,7.8,9.6
-1601.0,17.3,-33890.0,7.7,9.6
-1600.0,17.3,-33889.0,7.7,9.6
-1599.0,17.4,-33885.0,7.5,9.9
-1598.0,17.6,-33881.0,7.4,10.2
-1597.0,17.8,-33878.0,7.2,10.6
-1596.0,17.9,-33874.0,7.1,10.8
-1595.0,18.0,-33871.0,7.0,11.0
-1594.0,17.9,-33867.0,6.8,11.1
-1593.0,17.6,-33863.0,6.7,10.9
-1592.0,17.2,-33860.0,6.5,10.7
-1591.0,16.8,-33856.0,6.4,10.4
-1590.0,16.5,-33853.0,6.2,10.3
-1589.0,16.3,-33849.0,6.1,10.2
-1588.0,16.2,-33845.0,5.9,10.3
-1587.0,16.1,-33842.0,5.8,10.3
-1586.0,16.0,-33838.0,5.7,10.3
-1585.0,15.8,-33835.0,5.5,10.3
-1584.0,15.5,-33831.0,5.4,10.1
-1583.0,15.3,-33827.0,5.2,10.1
-1582.0,15.1,-33824.0,5.1,10.0
-1581.0,14.9,-33820.0,4.9,10.0
-1580.0,14.8,-33817.0,4.8,10.0
-1579.0,14.6,-33813.0,4.6,10.0
-1578.0,14.5,-33809.0,4.5,10.0
-1577.0,14.3,-33806.0,4.4,9.9
-1576.0,14.0,-33802.0,4.2,9.8
-1575.0,13.7,-33798.0,4.1,9.6
-1574.0,13.3,-33795.0,3.9,9.4
-1573.0,12.9,-33791.0,3.8,9.1
-1572.0,12.5,-33788.0,3.6,8.9
-1571.0,12.1,-33784.0,3.5,8.6
-1570.0,11.9,-33780.0,3.3,8.6
-1569.0,11.8,-33777.0,3.2,8.6
-1568.0,11.7,-33773.0,3.1,8.6
-1567.0,11.7,-33770.0,2.9,8.8
-1566.0,11.7,-33766.0,2.8,8.9
-1565.0,11.7,-33762.0,2.6,9.1
-1564.0,11.6,-33759.0,2.5,9.1
-1563.0,11.6,-33755.0,2.3,9.3
-1562.0,11.6,-33752.0,2.2,9.4
-1561.0,11.7,-33748.0,2.0,9.7
-1560.0,11.8,-33744.0,1.9,9.9
-1559.0,12.0,-33741.0,1.8,10.2
-1558.0,12.2,-33737.0,1.6,10.6
-1557.0,12.3,-33734.0,1.5,10.8
-1556.0,12.2,-33730.0,1.3,10.9
-1555.0,11.8,-33726.0,1.2,10.6
-1554.0,11.4,-33723.0,1.0,10.4
-1553.0,10.9,-33719.0,0.9,10.0
-1552.0,10.5,-33716.0,0.7,9.8
-1551.0,10.1,-33712.0,0.6,9.5
-1550.0,9.8,-33708.0,0.5,9.3
-1549.0,9.7,-33703.0,0.2,9.5
-1548.0,9.6,-33698.0,0.0,9.6
-1547.0,9.7,-33692.0,-0.2,9.9
-1546.0,9.8,-33687.0,-0.4,10.2
-1545.0,10.0,-33682.0,-0.6,10.6
-1544.0,10.2,-33676.0,-0.8,11.0
-1543.0,10.4,-33671.0,-1.0,11.4
-1542.0,10.5,-33666.0,-1.3,11.8
-1541.0,10.7,-33660.0,-1.5,12.2
-1540.0,10.8,-33655.0,-1.7,12.5
-1539.0,11.0,-33650.0,-1.9,12.9
-1538.0,11.1,-33644.0,-2.1,13.2
-1537.0,11.2,-33639.0,-2.3,13.5
-1536.0,11.3,-33634.0,-2.5,13.8
-1535.0,11.3,-33628.0,-2.7,14.0
-1534.0,11.4,-33623.0,-3.0,14.4
-1533.0,11.7,-33618.0,-3.2,14.9
-1532.0,12.0,-33612.0,-3.4,15.4
-1531.0,12.6,-33607.0,-3.6,16.2
-1530.0,13.2,-33602.0,-3.8,17.0
-1529.0,13.8,-33596.0,-4.0,17.8
-1528.0,14.1,-33591.0,-4.2,18.3
-1527.0,14.1,-33586.0,-4.5,18.6
-1526.0,13.9,-33580.0,-4.7,18.6
-1525.0,13.3,-33575.0,-4.9,18.2
-1524.0,12.7,-33570.0,-5.1,17.8
-1523.0,12.0,-33564.0,-5.3,17.3
-1522.0,11.5,-33559.0,-5.5,17.0
-1521.0,11.3,-33554.0,-5.7,17.0
-1520.0,11.4,-33548.0,-5.9,17.3
-1519.0,11.6,-33543.0,-6.2,17.8
-1518.0,11.9,-33538.0,-6.4,18.3
-1517.0,12.2,-33532.0,-6.6,18.8
-1516.0,12.5,-33527.0,-6.8,19.3
-1515.0,12.7,-33521.0,-7.0,19.7
-1514.0,12.8,-33516.0,-7.2,20.0
-1513.0,12.7,-33511.0,-7.4,20.1
-1512.0,12.6,-33505.0,-7.7,20.3
-1511.0,12.4,-33500.0,-7.9,20.3
-1510.0,12.3,-33495.0,-8.1,20.4
-1509.0,12.3,-33489.0,-8.3,20.6
-1508.0,12.5,-33484.0,-8.5,21.0
-1507.0,12.8,-33479.0,-8.7,21.5
-1506.0,13.2,-33473.0,-8.9,22.1
-1505.0,13.6,-33468.0,-9.2,22.8
-1504.0,14.0,-33463.0,-9.4,23.4
-1503.0,14.5,-33457.0,-9.6,24.1
-1502.0,14.9,-33452.0,-9.8,24.7
-1501.0,15.3,-33447.0,-10.0,25.3
-1500.0,15.7,-33441.0,-10.2,25.9
-1499.0,16.1,-33435.0,-10.5,26.6
-1498.0,16.5,-33428.0,-10.7,27.2
-1497.0,16.9,-33422.0,-11.0,27.9
-1496.0,17.3,-33415.0,-11.3,28.6
-1495.0,17.6,-33409.0,-11.5,29.1
-1494.0,18.0,-33402.0,-11.8,29.8
-1493.0,18.3,-33395.0,-12.1,30.4
-1492.0,18.6,-33389.0,-12.3,30.9
-1491.0,18.8,-33382.0,-12.6,31.4
-1490.0,19.0,-33376.0,-12.9,31.9
-1489.0,19.1,-33369.0,-13.1,32.2
-1488.0,19.2,-33362.0,-13.4,32.6
-1487.0,19.2,-33356.0,-13.6,32.8
-1486.0,19.1,-33349.0,-13.9,33.0
-1485.0,18.9,-33343.0,-14.2,33.1
-1484.0,18.7,-33336.0,-14.4,33.1
-1483.0,18.4,-33330.0,-14.7,33.1
-1482.0,18.1,-33323.0,-15.0,33.1
-1481.0,17.7,-33316.0,-15.2,32.9
-1480.0,17.3,-33310.0,-15.5,32.8
-1479.0,16.9,-33303.0,-15.7,32.6
-1478.0,16.5,-33297.0,-16.0,32.5
-1477.0,16.1,-33290.0,-16.3,32.4
-1476.0,15.6,-33283.0,-16.5,32.1
-1475.0,15.2,-33277.0,-16.8,32.0
-1474.0,14.8,-33270.0,-17.1,31.9
-1473.0,14.5,-33264.0,-17.3,31.8
-1472.0,14.2,-33257.0,-17.6,31.8
-1471.0,13.9,-33251.0,-17.9,31.8
-1470.0,13.7,-33244.0,-18.1,31.8
-1469.0,13.5,-33237.0,-18.4,31.9
-1468.0,13.3,-33231.0,-18.6,31.9
-1467.0,13.2,-33224.0,-18.9,32.1
-1466.0,13.1,-33218.0,-19.2,32.3
-1465.0,13.0,-33211.0,-19.4,32.4
-1464.0,12.9,-33204.0,-19.7,32.6
-1463.0,12.9,-33198.0,-20.0,32.9
-1462.0,12.9,-33191.0,-20.2,33.1
-1461.0,12.9,-33185.0,-20.5,33.4
-1460.0,12.9,-33178.0,-20.7,33.6
-1459.0,12.9,-33172.0,-21.0,33.9
-1458.0,12.9,-33165.0,-21.3,34.2
-1457.0,13.0,-33158.0,-21.5,34.5
-1456.0,13.0,-33152.0,-21.8,34.8
-1455.0,13.1,-33145.0,-22.1,35.2
-1454.0,13.2,-33139.0,-22.3,35.5
-1453.0,13.3,-33132.0,-22.6,35.9
-1452.0,13.4,-33125.0,-22.9,36.3
-1451.0,13.5,-33119.0,-23.1,36.6
-1450.0,13.6,-33112.0,-23.4,37.0
-1449.0,13.7,-33106.0,-23.6,37.3
-1448.0,13.8,-33100.0,-23.9,37.7
-1447.0,13.9,-33094.0,-24.1,38.0
-1446.0,14.0,-33088.0,-24.3,38.3
-1445.0,14.2,-33082.0,-24.6,38.8
-1444.0,14.3,-33076.0,-24.8,39.1
-1443.0,14.4,-33070.0,-25.1,39.5
-1442.0,14.5,-33064.0,-25.3,39.8
-1441.0,14.6,-33058.0,-25.6,40.2
-1440.0,14.7,-33052.0,-25.8,40.5
-1439.0,14.7,-33046.0,-26.0,40.7
-1438.0,14.8,-33040.0,-26.3,41.1
-1437.0,14.9,-33034.0,-26.5,41.4
-1436.0,14.9,-33028.0,-26.8,41.7
-1435.0,15.0,-33022.0,-27.0,42.0
-1434.0,15.1,-33016.0,-27.2,42.3
-1433.0,15.1,-33010.0,-27.5,42.6
-1432.0,15.2,-33004.0,-27.7,42.9
-1431.0,15.3,-32998.0,-28.0,43.3
-1430.0,15.3,-32991.0,-28.2,43.5
-1429.0,15.4,-32985.0,-28.5,43.9
-1428.0,15.5,-32979.0,-28.7,44.2
-1427.0,15.6,-32973.0,-28.9,44.5
-1426.0,15.7,-32967.0,-29.2,44.9
-1425.0,15.8,-32961.0,-29.4,45.2
-1424.0,15.9,-32955.0,-29.7,45.6
-1423.0,16.0,-32949.0,-29.9,45.9
-1422.0,16.2,-32943.0,-30.1,46.3
-1421.0,16.3,-32937.0,-30.4,46.7
-1420.0,16.5,-32931.0,-30.6,47.1
-1419.0,16.6,-32925.0,-30.9,47.5
-1418.0,16.8,-32919.0,-31.1,47.9
-1417.0,17.0,-32913.0,-31.4,48.4
-1416.0,17.2,-32907.0,-31.6,48.8
-1415.0,17.4,-32901.0,-31.8,49.2
-1414.0,17.6,-32895.0,-32.1,49.7
-1413.0,17.8,-32889.0,-32.3,50.1
-1412.0,18.0,-32883.0,-32.6,50.6
-1411.0,18.2,-32877.0,-32.8,51.0
-1410.0,18.4,-32871.0,-33.0,51.4
-1409.0,18.6,-32865.0,-33.3,51.9
-1408.0,18.7,-32859.0,-33.5,52.2
-1407.0,18.8,-32853.0,-33.8,52.6
-1406.0,19.0,-32847.0,-34.0,53.0
-1405.0,19.0,-32840.0,-34.3,53.3
-1404.0,19.1,-32834.0,-34.5,53.6
-1403.0,19.2,-32828.0,-34.7,53.9
-1402.0,19.2,-32822.0,-35.0,54.2
-1401.0,19.2,-32816.0,-35.2,54.4
-1400.0,19.3,-32810.0,-35.5,54.8
-1399.0,19.3,-32806.0,-35.6,54.9
-1398.0,19.3,-32802.0,-35.8,55.1
-1397.0,19.3,-32798.0,-36.0,55.3
-1396.0,19.3,-32794.0,-36.1,55.4
-1395.0,19.3,-32790.0,-36.3,55.6
-1394.0,19.3,-32786.0,-36.4,55.7
-1393.0,19.4,-32782.0,-36.6,56.0
-1392.0,19.4,-32778.0,-36.8,56.2
-1391.0,19.4,-32774.0,-36.9,56.3
-1390.0,19.5,-32770.0,-37.1,56.6
-1389.0,19.6,-32766.0,-37.2,56.8
-1388.0,19.7,-32762.0,-37.4,57.1
-1387.0,19.8,-32758.0,-37.6,57.4
-1386.0,19.9,-32754.0,-37.7,57.6
-1385.0,20.1,-32749.0,-37.9,58.0
-1384.0,20.2,-32745.0,-38.1,58.3
-1383.0,20.3,-32741.0,-38.2,58.5
-1382.0,20.5,-32737.0,-38.4,58.9
-1381.0,20.6,-32733.0,-38.5,59.1
-1380.0,20.8,-32729.0,-38.7,59.5
-1379.0,21.0,-32725.0,-38.9,59.9
-1378.0,21.1,-32721.0,-39.0,60.1
-1377.0,21.3,-32717.0,-39.2,60.5
-1376.0,21.4,-32713.0,-39.4,60.8
-1375.0,21.5,-32709.0,-39.5,61.0
-1374.0,21.7,-32705.0,-39.7,61.4
-1373.0,21.8,-32701.0,-39.8,61.6
-1372.0,21.9,-32697.0,-40.0,61.9
-1371.0,22.0,-32693.0,-40.2,62.2
-1370.0,22.1,-32689.0,-40.3,62.4
-1369.0,22.1,-32685.0,-40.5,62.6
-1368.0,22.2,-32681.0,-40.7,62.9
-1367.0,22.2,-32676.0,-40.8,63.0
-1366.0,22.2,-32672.0,-41.0,63.2
-1365.0,22.2,-32668.0,-41.1,63.3
-1364.0,22.1,-32664.0,-41.3,63.4
-1363.0,22.0,-32660.0,-41.5,63.5
-1362.0,22.0,-32656.0,-41.6,63.6
-1361.0,21.8,-32652.0,-41.8,63.6
-1360.0,21.6,-32648.0,-42.0,63.6
-1359.0,21.4,-32644.0,-42.1,63.5
-1358.0,21.2,-32640.0,-42.3,63.5
-1357.0,21.0,-32636.0,-42.4,63.4
-1356.0,20.7,-32632.0,-42.6,63.3
-1355.0,20.4,-32628.0,-42.8,63.2
-1354.0,20.1,-32624.0,-42.9,63.0
-1353.0,19.8,-32620.0,-43.1,62.9
-1352.0,19.5,-32616.0,-43.2,62.7
-1351.0,19.1,-32612.0,-43.4,62.5
-1350.0,18.8,-32608.0,-43.6,62.4
-1349.0,18.4,-32607.0,-43.6,62.0
-1348.0,18.1,-32606.0,-43.6,61.7
-1347.0,17.8,-32605.0,-43.7,61.5
-1346.0,17.5,-32604.0,-43.7,61.2
-1345.0,17.2,-32604.0,-43.7,60.9
-1344.0,16.9,-32603.0,-43.8,60.7
-1343.0,16.6,-32602.0,-43.8,60.4
-1342.0,16.3,-32601.0,-43.8,60.1
-1341.0,15.9,-32600.0,-43.9,59.8
-1340.0,15.5,-32600.0,-43.9,59.4
-1339.0,15.0,-32599.0,-43.9,58.9
-1338.0,14.5,-32598.0,-44.0,58.5
-1337.0,13.9,-32597.0,-44.0,57.9
-1336.0,13.4,-32596.0,-44.0,57.4
-1335.0,12.9,-32596.0,-44.0,56.9
-1334.0,12.4,-32595.0,-44.1,56.5
-1333.0,12.0,-32594.0,-44.1,56.1
-1332.0,11.6,-32593.0,-44.1,55.7
-1331.0,11.3,-32593.0,-44.2,55.5
-1330.0,11.0,-32592.0,-44.2,55.2
-1329.0,10.8,-32591.0,-44.2,55.0
-1328.0,10.7,-32590.0,-44.3,55.0
-1327.0,10.7,-32589.0,-44.3,55.0
-1326.0,10.6,-32589.0,-44.3,54.9
-1325.0,10.7,-32588.0,-44.4,55.1
-1324.0,10.8,-32587.0,-44.4,55.2
-1323.0,10.9,-32586.0,-44.4,55.3
-1322.0,11.1,-32585.0,-44.5,55.6
-1321.0,11.3,-32585.0,-44.5,55.8
-1320.0,11.4,-32584.0,-44.5,55.9
-1319.0,11.6,-32583.0,-44.6,56.2
-1318.0,11.7,-32582.0,-44.6,56.3
-1317.0,11.7,-32582.0,-44.6,56.3
-1316.0,11.8,-32581.0,-44.6,56.4
-1315.0,11.8,-32580.0,-44.7,56.5
-1314.0,11.8,-32579.0,-44.7,56.5
-1313.0,11.7,-32578.0,-44.7,56.4
-1312.0,11.7,-32578.0,-44.8,56.5
-1311.0,11.7,-32577.0,-44.8,56.5
-1310.0,11.7,-32576.0,-44.8,56.5
-1309.0,11.7,-32575.0,-44.9,56.6
-1308.0,11.7,-32574.0,-44.9,56.6
-1307.0,11.7,-32574.0,-44.9,56.6
-1306.0,11.8,-32573.0,-45.0,56.8
-1305.0,11.9,-32572.0,-45.0,56.9
-1304.0,12.0,-32571.0,-45.0,57.0
-1303.0,12.1,-32570.0,-45.1,57.2
-1302.0,12.3,-32570.0,-45.1,57.4
-1301.0,12.5,-32569.0,-45.1,57.6
-1300.0,12.6,-32568.0,-45.1,57.7
-1299.0,12.8,-32571.0,-45.0,57.8
-1298.0,12.9,-32575.0,-44.9,57.8
-1297.0,12.9,-32578.0,-44.8,57.7
-1296.0,13.0,-32581.0,-44.6,57.6
-1295.0,13.0,-32585.0,-44.5,57.5
-1294.0,12.9,-32588.0,-44.4,57.3
-1293.0,12.9,-32591.0,-44.2,57.1
-1292.0,12.9,-32595.0,-44.1,57.0
-1291.0,12.8,-32598.0,-44.0,56.8
-1290.0,12.7,-32601.0,-43.8,56.5
-1289.0,12.7,-32605.0,-43.7,56.4
-1288.0,12.6,-32608.0,-43.6,56.2
-1287.0,12.6,-32611.0,-43.4,56.0
-1286.0,12.5,-32615.0,-43.3,55.8
-1285.0,12.5,-32618.0,-43.2,55.7
-1284.0,12.5,-32621.0,-43.0,55.5
-1283.0,12.5,-32625.0,-42.9,55.4
-1282.0,12.5,-32628.0,-42.8,55.3
-1281.0,12.5,-32631.0,-42.6,55.1
-1280.0,12.6,-32635.0,-42.5,55.1
-1279.0,12.6,-32638.0,-42.4,55.0
-1278.0,12.6,-32641.0,-42.2,54.8
-1277.0,12.6,-32645.0,-42.1,54.7
-1276.0,12.6,-32648.0,-42.0,54.6
-1275.0,12.5,-32651.0,-41.8,54.3
-1274.0,12.4,-32655.0,-41.7,54.1
-1273.0,12.3,-32658.0,-41.6,53.9
-1272.0,12.2,-32661.0,-41.4,53.6
-1271.0,12.1,-32665.0,-41.3,53.4
-1270.0,12.1,-32668.0,-41.2,53.3
-1269.0,12.0,-32671.0,-41.0,53.0
-1268.0,12.0,-32675.0,-40.9,52.9
-1267.0,12.1,-32678.0,-40.8,52.9
-1266.0,12.1,-32681.0,-40.6,52.7
-1265.0,12.2,-32685.0,-40.5,52.7
-1264.0,12.4,-32688.0,-40.4,52.8
-1263.0,12.5,-32691.0,-40.2,52.7
-1262.0,12.7,-32695.0,-40.1,52.8
-1261.0,12.9,-32698.0,-40.0,52.9
-1260.0,13.2,-32701.0,-39.8,53.0
-1259.0,13.4,-32705.0,-39.7,53.1
-1258.0,13.7,-32708.0,-39.6,53.3
-1257.0,13.9,-32711.0,-39.4,53.3
-1256.0,14.1,-32715.0,-39.3,53.4
-1255.0,14.3,-32718.0,-39.2,53.5
-1254.0,14.5,-32721.0,-39.0,53.5
-1253.0,14.5,-32725.0,-38.9,53.4
-1252.0,14.5,-32728.0,-38.8,53.3
-1251.0,14.4,-32731.0,-38.6,53.0
-1250.0,14.3,-32735.0,-38.5,52.8
-1249.0,14.0,-32742.0,-38.2,52.2
-1248.0,13.8,-32749.0,-37.9,51.7
-1247.0,13.5,-32756.0,-37.6,51.1
-1246.0,13.1,-32763.0,-37.4,50.5
-1245.0,12.8,-32770.0,-37.1,49.9
-1244.0,12.5,-32777.0,-36.8,49.3
-1243.0,12.1,-32784.0,-36.5,48.6
-1242.0,11.8,-32791.0,-36.2,48.0
-1241.0,11.5,-32798.0,-36.0,47.5
-1240.0,11.3,-32805.0,-35.7,47.0
-1239.0,11.0,-32812.0,-35.4,46.4
-1238.0,10.8,-32819.0,-35.1,45.9
-1237.0,10.7,-32826.0,-34.8,45.5
-1236.0,10.6,-32833.0,-34.5,45.1
-1235.0,10.5,-32840.0,-34.3,44.8
-1234.0,10.5,-32847.0,-34.0,44.5
-1233.0,10.5,-32854.0,-33.7,44.2
-1232.0,10.5,-32861.0,-33.4,43.9
-1231.0,10.5,-32868.0,-33.1,43.6
-1230.0,10.5,-32875.0,-32.9,43.4
-1229.0,10.6,-32883.0,-32.6,43.2
-1228.0,10.6,-32890.0,-32.3,42.9
-1227.0,10.6,-32897.0,-32.0,42.6
-1226.0,10.6,-32904.0,-31.7,42.3
-1225.0,10.6,-32911.0,-31.4,42.0
-1224.0,10.6,-32918.0,-31.2,41.8
-1223.0,10.7,-32925.0,-30.9,41.6
-1222.0,10.8,-32932.0,-30.6,41.4
-1221.0,10.9,-32939.0,-30.3,41.2
-1220.0,11.0,-32946.0,-30.0,41.0
-1219.0,11.2,-32953.0,-29.8,41.0
-1218.0,11.4,-32960.0,-29.5,40.9
-1217.0,11.6,-32967.0,-29.2,40.8
-1216.0,11.9,-32974.0,-28.9,40.8
-1215.0,12.1,-32981.0,-28.6,40.7
-1214.0,12.3,-32988.0,-28.3,40.6
-1213.0,12.5,-32995.0,-28.1,40.6
-1212.0,12.7,-33002.0,-27.8,40.5
-1211.0,12.8,-33009.0,-27.5,40.3
-1210.0,12.9,-33016.0,-27.2,40.1
-1209.0,13.0,-33023.0,-26.9,39.9
-1208.0,13.0,-33031.0,-26.7,39.7
-1207.0,13.0,-33038.0,-26.4,39.4
-1206.0,12.9,-33045.0,-26.1,39.0
-1205.0,12.9,-33052.0,-25.8,38.7
-1204.0,12.8,-33059.0,-25.5,38.3
-1203.0,12.7,-33066.0,-25.2,37.9
-1202.0,12.7,-33073.0,-25.0,37.7
-1201.0,12.7,-33080.0,-24.7,37.4
-1200.0,12.7,-33087.0,-24.4,37.1
-1199.0,12.7,-33097.0,-24.0,36.7
-1198.0,12.7,-33107.0,-23.6,36.3
-1197.0,12.8,-33117.0,-23.2,36.0
-1196.0,12.8,-33127.0,-22.8,35.6
-1195.0,12.9,-33137.0,-22.4,35.3
-1194.0,13.0,-33147.0,-22.0,35.0
-1193.0,13.1,-33157.0,-21.6,34.7
-1192.0,13.2,-33167.0,-21.2,34.4
-1191.0,13.3,-33177.0,-20.8,34.1
-1190.0,13.4,-33187.0,-20.4,33.8
-1189.0,13.4,-33197.0,-20.0,33.4
-1188.0,13.5,-33207.0,-19.6,33.1
-1187.0,13.5,-33217.0,-19.2,32.7
-1186.0,13.5,-33227.0,-18.8,32.3
-1185.0,13.5,-33237.0,-18.4,31.9
-1184.0,13.4,-33247.0,-18.0,31.4
-1183.0,13.3,-33257.0,-17.6,30.9
-1182.0,13.2,-33267.0,-17.2,30.4
-1181.0,13.0,-33277.0,-16.8,29.8
-1180.0,12.8,-33287.0,-16.4,29.2
-1179.0,12.5,-33297.0,-16.0,28.5
-1178.0,12.2,-33307.0,-15.6,27.8
-1177.0,11.9,-33317.0,-15.2,27.1
-1176.0,11.5,-33327.0,-14.8,26.3
-1175.0,11.2,-33337.0,-14.4,25.6
-1174.0,10.8,-33347.0,-14.0,24.8
-1173.0,10.5,-33357.0,-13.6,24.1
-1172.0,10.1,-33367.0,-13.2,23.3
-1171.0,9.8,-33377.0,-12.8,22.6
-1170.0,9.5,-33387.0,-12.4,21.9
-1169.0,9.2,-33397.0,-12.0,21.2
-1168.0,9.0,-33407.0,-11.6,20.6
-1167.0,8.8,-33417.0,-11.2,20.0
-1166.0,8.6,-33427.0,-10.8,19.4
-1165.0,8.5,-33437.0,-10.4,18.9
-1164.0,8.5,-33447.0,-10.0,18.5
-1163.0,8.5,-33457.0,-9.6,18.1
-1162.0,8.6,-33467.0,-9.2,17.8
-1161.0,8.7,-33477.0,-8.8,17.5
-1160.0,8.8,-33487.0,-8.4,17.2
-1159.0,9.0,-33497.0,-8.0,17.0
-1158.0,9.1,-33507.0,-7.6,16.7
-1157.0,9.3,-33517.0,-7.2,16.5
-1156.0,9.4,-33527.0,-6.8,16.2
-1155.0,9.6,-33537.0,-6.4,16.0
-1154.0,9.7,-33547.0,-6.0,15.7
-1153.0,9.8,-33557.0,-5.6,15.4
-1152.0,9.9,-33567.0,-5.2,15.1
-1151.0,9.9,-33577.0,-4.8,14.7
-1150.0,9.8,-33587.0,-4.4,14.2
-1149.0,9.6,-33598.0,-4.0,13.6
-1148.0,9.4,-33608.0,-3.6,13.0
-1147.0,9.1,-33619.0,-3.1,12.2
-1146.0,8.6,-33629.0,-2.7,11.3
-1145.0,8.1,-33640.0,-2.3,10.4
-1144.0,7.5,-33650.0,-1.9,9.4
-1143.0,7.0,-33661.0,-1.5,8.5
-1142.0,6.4,-33671.0,-1.0,7.4
-1141.0,5.9,-33682.0,-0.6,6.5
-1140.0,5.4,-33692.0,-0.2,5.6
-1139.0,5.0,-33702.0,0.2,4.8
-1138.0,4.7,-33713.0,0.6,4.1
-1137.0,4.5,-33723.0,1.1,3.4
-1136.0,4.3,-33734.0,1.5,2.8
-1135.0,4.3,-33744.0,1.9,2.4
-1134.0,4.2,-33755.0,2.3,1.9
-1133.0,4.3,-33765.0,2.7,1.6
-1132.0,4.4,-33776.0,3.2,1.2
-1131.0,4.5,-33786.0,3.6,0.9
-1130.0,4.7,-33797.0,4.0,0.7
-1129.0,5.0,-33807.0,4.4,0.6
-1128.0,5.2,-33818.0,4.8,0.4
-1127.0,5.5,-33828.0,5.3,0.2
-1126.0,5.8,-33839.0,5.7,0.1
-1125.0,6.2,-33849.0,6.1,0.1
-1124.0,6.5,-33860.0,6.5,-0.0
-1123.0,6.8,-33870.0,6.9,-0.1
-1122.0,7.0,-33881.0,7.4,-0.4
-1121.0,7.3,-33891.0,7.8,-0.5
-1120.0,7.5,-33902.0,8.2,-0.7
-1119.0,7.6,-33912.0,8.6,-1.0
-1118.0,7.8,-33923.0,9.0,-1.2
-1117.0,7.9,-33933.0,9.5,-1.6
-1116.0,8.0,-33944.0,9.9,-1.9
-1115.0,8.1,-33954.0,10.3,-2.2
-1114.0,8.2,-33965.0,10.7,-2.5
-1113.0,8.3,-33975.0,11.1,-2.8
-1112.0,8.3,-33986.0,11.6,-3.3
-1111.0,8.4,-33996.0,12.0,-3.6
-1110.0,8.5,-34007.0,12.4,-3.9
-1109.0,8.6,-34017.0,12.8,-4.2
-1108.0,8.6,-34028.0,13.2,-4.6
-1107.0,8.6,-34038.0,13.7,-5.1
-1106.0,8.7,-34049.0,14.1,-5.4
-1105.0,8.7,-34059.0,14.5,-5.8
-1104.0,8.7,-34070.0,14.9,-6.2
-1103.0,8.6,-34080.0,15.3,-6.7
-1102.0,8.5,-34091.0,15.8,-7.3
-1101.0,8.4,-34101.0,16.2,-7.8
-1100.0,8.3,-34112.0,16.6,-8.3
-1099.0,8.1,-34120.0,16.9,-8.8
-1098.0,7.9,-34129.0,17.3,-9.4
-1097.0,7.7,-34138.0,17.6,-9.9
-1096.0,7.5,-34147.0,18.0,-10.5
-1095.0,7.3,-34156.0,18.4,-11.1
-1094.0,7.1,-34165.0,18.7,-11.6
-1093.0,6.9,-34173.0,19.1,-12.2
-1092.0,6.6,-34182.0,19.4,-12.8
-1091.0,6.4,-34191.0,19.8,-13.4
-1090.0,6.2,-34200.0,20.1,-13.9
-1089.0,6.0,-34209.0,20.5,-14.5
-1088.0,5.9,-34217.0,20.8,-14.9
-1087.0,5.7,-34226.0,21.2,-15.5
-1086.0,5.7,-34235.0,21.5,-15.8
-1085.0,5.6,-34244.0,21.9,-16.3
-1084.0,5.5,-34253.0,22.2,-16.7
-1083.0,5.5,-34262.0,22.6,-17.1
-1082.0,5.4,-34270.0,22.9,-17.5
-1081.0,5.4,-34279.0,23.3,-17.9
-1080.0,5.4,-34288.0,23.6,-18.2
-1079.0,5.4,-34297.0,24.0,-18.6
-1078.0,5.4,-34306.0,24.4,-19.0
-1077.0,5.3,-34314.0,24.7,-19.4
-1076.0,5.3,-34323.0,25.1,-19.8
-1075.0,5.2,-34332.0,25.4,-20.2
-1074.0,5.2,-34341.0,25.8,-20.6
-1073.0,5.1,-34350.0,26.1,-21.0
-1072.0,4.9,-34359.0,26.5,-21.6
-1071.0,4.7,-34367.0,26.8,-22.1
-1070.0,4.5,-34376.0,27.2,-22.7
-1069.0,4.3,-34385.0,27.5,-23.2
-1068.0,4.1,-34394.0,27.9,-23.8
-1067.0,3.9,-34403.0,28.2,-24.3
-1066.0,3.6,-34411.0,28.6,-25.0
-1065.0,3.4,-34420.0,28.9,-25.5
-1064.0,3.1,-34429.0,29.3,-26.2
-1063.0,2.9,-34438.0,29.6,-26.7
-1062.0,2.7,-34447.0,30.0,-27.3
-1061.0,2.5,-34456.0,30.3,-27.8
-1060.0,2.4,-34464.0,30.7,-28.3
-1059.0,2.3,-34473.0,31.1,-28.8
-1058.0,2.2,-34482.0,31.4,-29.2
-1057.0,2.2,-34491.0,31.8,-29.6
-1056.0,2.2,-34500.0,32.1,-29.9
-1055.0,2.3,-34508.0,32.5,-30.2
-1054.0,2.4,-34517.0,32.8,-30.4
-1053.0,2.6,-34526.0,33.2,-30.6
-1052.0,2.8,-34535.0,33.5,-30.7
-1051.0,3.0,-34544.0,33.9,-30.9
-1050.0,3.3,-34553.0,34.2,-30.9
-1049.0,3.5,-34557.0,34.4,-30.9
-1048.0,3.7,-34562.0,34.6,-30.9
-1047.0,4.0,-34566.0,34.8,-30.8
-1046.0,4.2,-34571.0,35.0,-30.8
-1045.0,4.4,-34575.0,35.1,-30.7
-1044.0,4.6,-34580.0,35.3,-30.7
-1043.0,4.8,-34585.0,35.5,-30.7
-1042.0,4.9,-34589.0,35.7,-30.8
-1041.0,4.9,-34594.0,35.9,-31.0
-1040.0,4.9,-34598.0,36.1,-31.2
-1039.0,4.9,-34603.0,36.2,-31.3
-1038.0,4.8,-34607.0,36.4,-31.6
-1037.0,4.6,-34612.0,36.6,-32.0
-1036.0,4.5,-34617.0,36.8,-32.3
-1035.0,4.2,-34621.0,37.0,-32.8
-1034.0,4.0,-34626.0,37.2,-33.2
-1033.0,3.7,-34630.0,37.3,-33.6
-1032.0,3.4,-34635.0,37.5,-34.1
-1031.0,3.1,-34640.0,37.7,-34.6
-1030.0,2.8,-34644.0,37.9,-35.1
-1029.0,2.5,-34649.0,38.1,-35.6
-1028.0,2.2,-34653.0,38.3,-36.1
-1027.0,1.9,-34658.0,38.4,-36.5
-1026.0,1.7,-34662.0,38.6,-36.9
-1025.0,1.5,-34667.0,38.8,-37.3
-1024.0,1.3,-34672.0,39.0,-37.7
-1023.0,1.1,-34676.0,39.2,-38.1
-1022.0,1.0,-34681.0,39.4,-38.4
-1021.0,0.9,-34685.0,39.5,-38.6
-1020.0,0.9,-34690.0,39.7,-38.8
-1019.0,1.0,-34695.0,39.9,-38.9
-1018.0,1.1,-34699.0,40.1,-39.0
-1017.0,1.2,-34704.0,40.3,-39.1
-1016.0,1.4,-34708.0,40.5,-39.1
-1015.0,1.6,-34713.0,40.6,-39.0
-1014.0,1.9,-34717.0,40.8,-38.9
-1013.0,2.1,-34722.0,41.0,-38.9
-1012.0,2.4,-34727.0,41.2,-38.8
-1011.0,2.7,-34731.0,41.4,-38.7
-1010.0,3.0,-34736.0,41.6,-38.6
-1009.0,3.3,-34740.0,41.7,-38.4
-1008.0,3.5,-34745.0,41.9,-38.4
-1007.0,3.8,-34750.0,42.1,-38.3
-1006.0,4.0,-34754.0,42.3,-38.3
-1005.0,4.2,-34759.0,42.5,-38.3
-1004.0,4.4,-34763.0,42.7,-38.3
-1003.0,4.5,-34768.0,42.8,-38.3
-1002.0,4.6,-34772.0,43.0,-38.4
-1001.0,4.7,-34777.0,43.2,-38.5
-1000.0,4.7,-34782.0,43.4,-38.7
-999.0,4.7,-34780.0,43.3,-38.6
-998.0,4.6,-34778.0,43.3,-38.7
-997.0,4.5,-34776.0,43.2,-38.7
-996.0,4.4,-34775.0,43.1,-38.7
-995.0,4.3,-34773.0,43.0,-38.7
-994.0,4.2,-34771.0,43.0,-38.8
-993.0,4.1,-34770.0,42.9,-38.8
-992.0,4.0,-34768.0,42.8,-38.8
-991.0,3.9,-34766.0,42.8,-38.9
-990.0,3.7,-34764.0,42.7,-39.0
-989.0,3.6,-34763.0,42.6,-39.0
-988.0,3.5,-34761.0,42.6,-39.1
-987.0,3.5,-34759.0,42.5,-39.0
-986.0,3.4,-34758.0,42.4,-39.0
-985.0,3.4,-34756.0,42.4,-39.0
-984.0,3.4,-34754.0,42.3,-38.9
-983.0,3.4,-34752.0,42.2,-38.8
-982.0,3.4,-34751.0,42.2,-38.8
-981.0,3.4,-34749.0,42.1,-38.7
-980.0,3.5,-34747.0,42.0,-38.5
-979.0,3.5,-34746.0,41.9,-38.4
-978.0,3.5,-34744.0,41.9,-38.4
-977.0,3.6,-34742.0,41.8,-38.2
-976.0,3.6,-34740.0,41.7,-38.1
-975.0,3.7,-34739.0,41.7,-38.0
-974.0,3.7,-34737.0,41.6,-37.9
-973.0,3.7,-34735.0,41.5,-37.8
-972.0,3.7,-34734.0,41.5,-37.8
-971.0,3.8,-34732.0,41.4,-37.6
-970.0,3.8,-34730.0,41.3,-37.5
-969.0,3.8,-34728.0,41.3,-37.5
-968.0,3.8,-34727.0,41.2,-37.4
-967.0,3.7,-34725.0,41.1,-37.4
-966.0,3.7,-34723.0,41.1,-37.4
-965.0,3.6,-34722.0,41.0,-37.4
-964.0,3.5,-34720.0,40.9,-37.4
-963.0,3.5,-34718.0,40.9,-37.4
-962.0,3.3,-34716.0,40.8,-37.5
-961.0,3.2,-34715.0,40.7,-37.5
-960.0,3.1,-34713.0,40.6,-37.5
-959.0,2.9,-34711.0,40.6,-37.7
-958.0,2.7,-34710.0,40.5,-37.8
-957.0,2.4,-34708.0,40.4,-38.0
-956.0,2.2,-34706.0,40.4,-38.2
-955.0,1.9,-34704.0,40.3,-38.4
-954.0,1.6,-34703.0,40.2,-38.6
-953.0,1.3,-34701.0,40.2,-38.9
-952.0,1.0,-34699.0,40.1,-39.1
-951.0,0.7,-34698.0,40.0,-39.3
-950.0,0.4,-34696.0,40.0,-39.6
-949.0,0.1,-34688.0,39.7,-39.6
-948.0,-0.2,-34681.0,39.4,-39.6
-947.0,-0.5,-34673.0,39.1,-39.6
-946.0,-0.7,-34666.0,38.8,-39.5
-945.0,-1.0,-34658.0,38.5,-39.5
-944.0,-1.2,-34651.0,38.2,-39.4
-943.0,-1.4,-34643.0,37.9,-39.3
-942.0,-1.5,-34636.0,37.6,-39.1
-941.0,-1.6,-34628.0,37.3,-38.9
-940.0,-1.7,-34621.0,37.0,-38.7
-939.0,-1.8,-34613.0,36.7,-38.5
-938.0,-1.8,-34606.0,36.4,-38.2
-937.0,-1.7,-34598.0,36.1,-37.8
-936.0,-1.7,-34591.0,35.8,-37.5
-935.0,-1.6,-34583.0,35.5,-37.1
-934.0,-1.4,-34576.0,35.2,-36.6
-933.0,-1.3,-34568.0,34.9,-36.2
-932.0,-1.1,-34561.0,34.6,-35.7
-931.0,-0.9,-34553.0,34.3,-35.2
-930.0,-0.8,-34546.0,34.0,-34.8
-929.0,-0.6,-34538.0,33.7,-34.3
-928.0,-0.4,-34531.0,33.4,-33.8
-927.0,-0.2,-34523.0,33.1,-33.3
-926.0,-0.0,-34516.0,32.8,-32.8
-925.0,0.2,-34508.0,32.5,-32.3
-924.0,0.3,-34501.0,32.2,-31.9
-923.0,0.5,-34493.0,31.9,-31.4
-922.0,0.6,-34486.0,31.6,-31.0
-921.0,0.7,-34478.0,31.3,-30.6
-920.0,0.8,-34471.0,31.0,-30.2
-919.0,0.9,-34463.0,30.7,-29.8
-918.0,0.9,-34456.0,30.4,-29.5
-917.0,0.9,-34448.0,30.1,-29.2
-916.0,0.9,-34441.0,29.8,-28.9
-915.0,0.9,-34433.0,29.5,-28.6
-914.0,0.9,-34426.0,29.2,-28.3
-913.0,0.9,-34418.0,28.9,-28.0
-912.0,0.9,-34411.0,28.6,-27.7
-911.0,0.9,-34403.0,28.3,-27.4
-910.0,0.9,-34396.0,28.0,-27.1
-909.0,1.0,-34388.0,27.7,-26.7
-908.0,1.0,-34381.0,27.4,-26.4
-907.0,1.1,-34373.0,27.1,-26.0
-906.0,1.2,-34366.0,26.8,-25.6
-905.0,1.4,-34358.0,26.5,-25.1
-904.0,1.5,-34351.0,26.2,-24.7
-903.0,1.7,-34343.0,25.8,-24.1
-902.0,2.0,-34336.0,25.5,-23.5
-901.0,2.3,-34328.0,25.2,-22.9
-900.0,2.6,-34321.0,24.9,-22.3
-899.0,2.9,-34310.0,24.5,-21.6
-898.0,3.2,-34300.0,24.1,-20.9
-897.0,3.5,-34289.0,23.7,-20.2
-896.0,3.8,-34279.0,23.3,-19.5
-895.0,4.1,-34268.0,22.9,-18.8
-894.0,4.4,-34258.0,22.4,-18.0
-893.0,4.6,-34247.0,22.0,-17.4
-892.0,4.8,-34237.0,21.6,-16.8
-891.0,5.0,-34226.0,21.2,-16.2
-890.0,5.1,-34216.0,20.8,-15.7
-889.0,5.2,-34205.0,20.3,-15.1
-888.0,5.2,-34195.0,19.9,-14.7
-887.0,5.1,-34184.0,19.5,-14.4
-886.0,5.1,-34174.0,19.1,-14.0
-885.0,4.9,-34163.0,18.7,-13.8
-884.0,4.8,-34153.0,18.2,-13.4
-883.0,4.5,-34142.0,17.8,-13.3
-882.0,4.3,-34132.0,17.4,-13.1
-881.0,4.0,-34121.0,17.0,-13.0
-880.0,3.8,-34111.0,16.6,-12.8
-879.0,3.5,-34100.0,16.1,-12.6
-878.0,3.2,-34090.0,15.7,-12.5
-877.0,2.9,-34079.0,15.3,-12.4
-876.0,2.5,-34069.0,14.9,-12.4
-875.0,2.2,-34058.0,14.5,-12.3
-874.0,1.9,-34048.0,14.0,-12.1
-873.0,1.6,-34037.0,13.6,-12.0
-872.0,1.4,-34027.0,13.2,-11.8
-871.0,1.1,-34017.0,12.8,-11.7
-870.0,0.9,-34006.0,12.4,-11.5
-869.0,0.6,-33996.0,11.9,-11.3
-868.0,0.4,-33985.0,11.5,-11.1
-867.0,0.2,-33975.0,11.1,-10.9
-866.0,-0.0,-33964.0,10.7,-10.7
-865.0,-0.2,-33954.0,10.3,-10.5
-864.0,-0.4,-33943.0,9.8,-10.2
-863.0,-0.6,-33933.0,9.4,-10.0
-862.0,-0.8,-33922.0,9.0,-9.8
-861.0,-0.9,-33912.0,8.6,-9.5
-860.0,-1.1,-33901.0,8.2,-9.3
-859.0,-1.2,-33891.0,7.8,-9.0
-858.0,-1.4,-33880.0,7.3,-8.7
-857.0,-1.5,-33870.0,6.9,-8.4
-856.0,-1.6,-33859.0,6.5,-8.1
-855.0,-1.7,-33849.0,6.1,-7.8
-854.0,-1.8,-33838.0,5.7,-7.5
-853.0,-2.0,-33828.0,5.2,-7.2
-852.0,-2.1,-33817.0,4.8,-6.9
-851.0,-2.2,-33807.0,4.4,-6.6
-850.0,-2.3,-33796.0,4.0,-6.3
-849.0,-2.4,-33786.0,3.6,-6.0
-848.0,-2.5,-33777.0,3.2,-5.7
-847.0,-2.5,-33767.0,2.8,-5.3
-846.0,-2.6,-33757.0,2.4,-5.0
-845.0,-2.6,-33747.0,2.0,-4.6
-844.0,-2.7,-33737.0,1.6,-4.3
-843.0,-2.7,-33727.0,1.2,-3.9
-842.0,-2.7,-33718.0,0.8,-3.5
-841.0,-2.8,-33708.0,0.4,-3.2
-840.0,-2.8,-33698.0,0.0,-2.8
-839.0,-2.8,-33688.0,-0.4,-2.4
-838.0,-2.8,-33678.0,-0.7,-2.1
-837.0,-2.7,-33668.0,-1.1,-1.6
-836.0,-2.6,-33659.0,-1.5,-1.1
-835.0,-2.4,-33649.0,-1.9,-0.5
-834.0,-2.3,-33639.0,-2.3,0.0
-833.0,-2.0,-33629.0,-2.7,0.7
-832.0,-1.8,-33619.0,-3.1,1.3
-831.0,-1.4,-33609.0,-3.5,2.1
-830.0,-1.0,-33600.0,-3.9,2.9
-829.0,-0.6,-33590.0,-4.3,3.7
-828.0,-0.3,-33580.0,-4.7,4.4
-827.0,-0.1,-33570.0,-5.1,5.0
-826.0,-0.0,-33560.0,-5.5,5.5
-825.0,-0.0,-33550.0,-5.9,5.9
-824.0,-0.0,-33541.0,-6.3,6.3
-823.0,-0.1,-33531.0,-6.6,6.5
-822.0,-0.1,-33521.0,-7.0,6.9
-821.0,-0.1,-33511.0,-7.4,7.3
-820.0,-0.1,-33501.0,-7.8,7.7
-819.0,0.0,-33491.0,-8.2,8.2
-818.0,0.2,-33482.0,-8.6,8.8
-817.0,0.3,-33472.0,-9.0,9.3
-816.0,0.4,-33462.0,-9.4,9.8
-815.0,0.5,-33452.0,-9.8,10.3
-814.0,0.6,-33442.0,-10.2,10.8
-813.0,0.7,-33432.0,-10.6,11.3
-812.0,0.8,-33423.0,-11.0,11.8
-811.0,1.0,-33413.0,-11.4,12.4
-810.0,1.3,-33403.0,-11.8,13.1
-809.0,1.7,-33393.0,-12.2,13.9
-808.0,2.2,-33383.0,-12.5,14.7
-807.0,2.7,-33373.0,-12.9,15.6
-806.0,3.4,-33364.0,-13.3,16.7
-805.0,4.0,-33354.0,-13.7,17.7
-804.0,4.6,-33344.0,-14.1,18.7
-803.0,5.2,-33334.0,-14.5,19.7
-802.0,5.7,-33324.0,-14.9,20.6
-801.0,6.1,-33314.0,-15.3,21.4
-800.0,6.4,-33305.0,-15.7,22.1
-799.0,6.6,-33298.0,-16.0,22.6
-798.0,6.8,-33291.0,-16.2,23.0
-797.0,7.0,-33284.0,-16.5,23.5
-796.0,7.2,-33278.0,-16.8,24.0
-795.0,7.4,-33271.0,-17.0,24.4
-794.0,7.7,-33264.0,-17.3,25.0
-793.0,8.1,-33257.0,-17.6,25.7
-792.0,8.5,-33251.0,-17.8,26.3
-791.0,8.9,-33244.0,-18.1,27.0
-790.0,9.3,-33237.0,-18.4,27.7
-789.0,9.7,-33231.0,-18.7,28.4
-788.0,10.0,-33224.0,-18.9,28.9
-787.0,10.3,-33217.0,-19.2,29.5
-786.0,10.6,-33210.0,-19.5,30.1
-785.0,10.7,-33204.0,-19.7,30.4
-784.0,10.7,-33197.0,-20.0,30.7
-783.0,10.5,-33190.0,-20.3,30.8
-782.0,10.3,-33183.0,-20.5,30.8
-781.0,10.1,-33177.0,-20.8,30.9
-780.0,10.0,-33170.0,-21.1,31.1
-779.0,10.0,-33163.0,-21.3,31.3
-778.0,10.2,-33156.0,-21.6,31.8
-777.0,10.6,-33150.0,-21.9,32.5
-776.0,11.0,-33143.0,-22.2,33.2
-775.0,11.4,-33136.0,-22.4,33.8
-774.0,11.9,-33130.0,-22.7,34.6
-773.0,12.4,-33123.0,-23.0,35.4
-772.0,12.9,-33116.0,-23.2,36.1
-771.0,13.3,-33109.0,-23.5,36.8
-770.0,13.7,-33103.0,-23.8,37.5
-769.0,14.1,-33096.0,-24.0,38.1
-768.0,14.4,-33089.0,-24.3,38.7
-767.0,14.6,-33082.0,-24.6,39.2
-766.0,14.7,-33076.0,-24.8,39.5
-765.0,14.8,-33069.0,-25.1,39.9
-764.0,14.8,-33062.0,-25.4,40.2
-763.0,14.8,-33055.0,-25.7,40.5
-762.0,14.7,-33049.0,-25.9,40.6
-761.0,14.6,-33042.0,-26.2,40.8
-760.0,14.6,-33035.0,-26.5,41.1
-759.0,14.6,-33029.0,-26.7,41.3
-758.0,14.7,-33022.0,-27.0,41.7
-757.0,14.8,-33015.0,-27.3,42.1
-756.0,15.0,-33008.0,-27.5,42.5
-755.0,15.2,-33002.0,-27.8,43.0
-754.0,15.3,-32995.0,-28.1,43.4
-753.0,15.5,-32988.0,-28.4,43.9
-752.0,15.6,-32981.0,-28.6,44.2
-751.0,15.8,-32975.0,-28.9,44.7
-750.0,16.1,-32968.0,-29.2,45.3
-749.0,16.3,-32965.0,-29.3,45.6
-748.0,16.6,-32962.0,-29.4,46.0
-747.0,16.9,-32959.0,-29.5,46.4
-746.0,17.2,-32956.0,-29.6,46.8
-745.0,17.4,-32953.0,-29.7,47.1
-744.0,17.5,-32950.0,-29.9,47.4
-743.0,17.6,-32947.0,-30.0,47.6
-742.0,17.6,-32944.0,-30.1,47.7
-741.0,17.6,-32941.0,-30.2,47.8
-740.0,17.6,-32939.0,-30.3,47.9
-739.0,17.6,-32936.0,-30.5,48.1
-738.0,17.6,-32933.0,-30.6,48.2
-737.0,17.6,-32930.0,-30.7,48.3
-736.0,17.6,-32927.0,-30.8,48.4
-735.0,17.7,-32924.0,-30.9,48.6
-734.0,17.7,-32921.0,-31.0,48.7
-733.0,17.7,-32918.0,-31.2,48.9
-732.0,17.7,-32915.0,-31.3,49.0
-731.0,17.8,-32912.0,-31.4,49.2
-730.0,17.8,-32909.0,-31.5,49.3
-729.0,17.7,-32906.0,-31.6,49.3
-728.0,17.6,-32903.0,-31.7,49.3
-727.0,17.5,-32900.0,-31.9,49.4
-726.0,17.3,-32897.0,-32.0,49.3
-725.0,17.2,-32894.0,-32.1,49.3
-724.0,17.1,-32892.0,-32.2,49.3
-723.0,17.0,-32889.0,-32.3,49.3
-722.0,17.0,-32886.0,-32.4,49.4
-721.0,17.0,-32883.0,-32.6,49.6
-720.0,16.9,-32880.0,-32.7,49.6
-719.0,17.0,-32877.0,-32.8,49.8
-718.0,17.1,-32874.0,-32.9,50.0
-717.0,17.3,-32871.0,-33.0,50.3
-716.0,17.6,-32868.0,-33.2,50.8
-715.0,17.9,-32865.0,-33.3,51.2
-714.0,18.1,-32862.0,-33.4,51.5
-713.0,18.2,-32859.0,-33.5,51.7
-712.0,18.1,-32856.0,-33.6,51.7
-711.0,17.8,-32853.0,-33.7,51.5
-710.0,17.4,-32850.0,-33.9,51.3
-709.0,16.9,-32847.0,-34.0,50.9
-708.0,16.3,-32845.0,-34.1,50.4
-707.0,15.7,-32842.0,-34.2,49.9
-706.0,15.2,-32839.0,-34.3,49.5
-705.0,14.8,-32836.0,-34.4,49.2
-704.0,14.5,-32833.0,-34.6,49.1
-703.0,14.3,-32830.0,-34.7,49.0
-702.0,14.3,-32827.0,-34.8,49.1
-701.0,14.2,-32824.0,-34.9,49.1
-700.0,14.2,-32821.0,-35.0,49.2
-699.0,14.1,-32823.0,-35.0,49.1
-698.0,14.0,-32824.0,-34.9,48.9
-697.0,13.7,-32826.0,-34.8,48.5
-696.0,13.4,-32827.0,-34.8,48.2
-695.0,13.1,-32829.0,-34.7,47.8
-694.0,12.8,-32831.0,-34.7,47.5
-693.0,12.4,-32832.0,-34.6,47.0
-692.0,11.9,-32834.0,-34.5,46.4
-691.0,11.5,-32835.0,-34.5,46.0
-690.0,11.0,-32837.0,-34.4,45.4
-689.0,10.6,-32839.0,-34.3,44.9
-688.0,10.1,-32840.0,-34.3,44.4
-687.0,9.7,-32842.0,-34.2,43.9
-686.0,9.3,-32843.0,-34.1,43.4
-685.0,8.9,-32845.0,-34.1,43.0
-684.0,8.5,-32846.0,-34.0,42.5
-683.0,8.1,-32848.0,-34.0,42.1
-682.0,7.6,-32850.0,-33.9,41.5
-681.0,7.1,-32851.0,-33.8,40.9
-680.0,6.5,-32853.0,-33.8,40.3
-679.0,6.0,-32854.0,-33.7,39.7
-678.0,5.4,-32856.0,-33.6,39.0
-677.0,4.9,-32858.0,-33.6,38.5
-676.0,4.5,-32859.0,-33.5,38.0
-675.0,4.1,-32861.0,-33.4,37.5
-674.0,4.0,-32862.0,-33.4,37.4
-673.0,4.0,-32864.0,-33.3,37.3
-672.0,4.1,-32866.0,-33.3,37.4
-671.0,4.3,-32867.0,-33.2,37.5
-670.0,4.5,-32869.0,-33.1,37.6
-669.0,4.8,-32870.0,-33.1,37.9
-668.0,5.1,-32872.0,-33.0,38.1
-667.0,5.4,-32874.0,-32.9,38.3
-666.0,5.8,-32875.0,-32.9,38.7
-665.0,6.4,-32877.0,-32.8,39.2
-664.0,7.1,-32878.0,-32.7,39.8
-663.0,8.0,-32880.0,-32.7,40.7
-662.0,8.9,-32881.0,-32.6,41.5
-661.0,9.9,-32883.0,-32.6,42.5
-660.0,10.7,-32885.0,-32.5,43.2
-659.0,11.2,-32886.0,-32.4,43.6
-658.0,11.5,-32888.0,-32.4,43.9
-657.0,11.5,-32889.0,-32.3,43.8
-656.0,11.3,-32891.0,-32.2,43.5
-655.0,10.9,-32893.0,-32.2,43.1
-654.0,10.4,-32894.0,-32.1,42.5
-653.0,9.9,-32896.0,-32.0,41.9
-652.0,9.3,-32897.0,-32.0,41.3
-651.0,8.7,-32899.0,-31.9,40.6
-650.0,8.1,-32901.0,-31.9,40.0
-649.0,7.5,-32907.0,-31.6,39.1
-648.0,7.0,-32914.0,-31.3,38.3
-647.0,6.5,-32921.0,-31.0,37.5
-646.0,6.0,-32928.0,-30.8,36.8
-645.0,5.5,-32934.0,-30.5,36.0
-644.0,5.1,-32941.0,-30.2,35.3
-643.0,4.6,-32948.0,-30.0,34.6
-642.0,4.2,-32955.0,-29.7,33.9
-641.0,3.8,-32962.0,-29.4,33.2
-640.0,3.6,-32968.0,-29.1,32.7
-639.0,3.4,-32975.0,-28.9,32.3
-638.0,3.2,-32982.0,-28.6,31.8
-637.0,3.0,-32989.0,-28.3,31.3
-636.0,2.8,-32995.0,-28.1,30.9
-635.0,2.5,-33002.0,-27.8,30.3
-634.0,2.2,-33009.0,-27.5,29.7
-633.0,1.8,-33016.0,-27.2,29.0
-632.0,1.5,-33023.0,-27.0,28.5
-631.0,1.1,-33029.0,-26.7,27.8
-630.0,0.8,-33036.0,-26.4,27.2
-629.0,0.6,-33043.0,-26.2,26.8
-628.0,0.3,-33050.0,-25.9,26.2
-627.0,0.1,-33056.0,-25.6,25.7
-626.0,0.0,-33063.0,-25.3,25.3
-625.0,-0.0,-33070.0,-25.1,25.1
-624.0,0.0,-33077.0,-24.8,24.8
-623.0,0.1,-33084.0,-24.5,24.6
-622.0,0.2,-33090.0,-24.3,24.5
-621.0,0.3,-33097.0,-24.0,24.3
-620.0,0.3,-33104.0,-23.7,24.0
-619.0,0.3,-33111.0,-23.4,23.7
-618.0,0.3,-33117.0,-23.2,23.5
-617.0,0.2,-33124.0,-22.9,23.1
-616.0,0.1,-33131.0,-22.6,22.7
-615.0,-0.0,-33138.0,-22.4,22.4
-614.0,-0.2,-33145.0,-22.1,21.9
-613.0,-0.4,-33151.0,-21.8,21.4
-612.0,-0.7,-33158.0,-21.6,20.9
-611.0,-1.0,-33165.0,-21.3,20.3
-610.0,-1.3,-33172.0,-21.0,19.7
-609.0,-1.7,-33178.0,-20.7,19.0
-608.0,-2.0,-33185.0,-20.5,18.5
-607.0,-2.4,-33192.0,-20.2,17.8
-606.0,-2.8,-33199.0,-19.9,17.1
-605.0,-3.1,-33205.0,-19.7,16.6
-604.0,-3.4,-33212.0,-19.4,16.0
-603.0,-3.7,-33219.0,-19.1,15.4
-602.0,-3.9,-33226.0,-18.8,14.9
-601.0,-4.1,-33233.0,-18.6,14.5
-600.0,-4.3,-33239.0,-18.3,14.0
-599.0,-4.4,-33251.0,-17.8,13.4
-598.0,-4.4,-33262.0,-17.4,13.0
-597.0,-4.4,-33273.0,-16.9,12.5
-596.0,-4.4,-33285.0,-16.5,12.1
-595.0,-4.3,-33296.0,-16.0,11.7
-594.0,-4.1,-33307.0,-15.6,11.5
-593.0,-4.0,-33319.0,-15.1,11.1
-592.0,-3.8,-33330.0,-14.7,10.9
-591.0,-3.7,-33341.0,-14.2,10.5
-590.0,-3.5,-33352.0,-13.8,10.3
-589.0,-3.4,-33364.0,-13.3,9.9
-588.0,-3.2,-33375.0,-12.9,9.7
-587.0,-3.2,-33386.0,-12.4,9.2
-586.0,-3.1,-33398.0,-12.0,8.9
-585.0,-3.2,-33409.0,-11.5,8.3
-584.0,-3.2,-33420.0,-11.1,7.9
-583.0,-3.4,-33432.0,-10.6,7.2
-582.0,-3.5,-33443.0,-10.2,6.7
-581.0,-3.7,-33454.0,-9.7,6.0
-580.0,-3.9,-33466.0,-9.3,5.4
-579.0,-4.2,-33477.0,-8.8,4.6
-578.0,-4.4,-33488.0,-8.3,3.9
-577.0,-4.6,-33499.0,-7.9,3.3
-576.0,-4.9,-33511.0,-7.4,2.5
-575.0,-5.0,-33522.0,-7.0,2.0
-574.0,-5.2,-33533.0,-6.5,1.3
-573.0,-5.3,-33545.0,-6.1,0.8
-572.0,-5.4,-33556.0,-5.6,0.2
-571.0,-5.4,-33567.0,-5.2,-0.2
-570.0,-5.4,-33579.0,-4.7,-0.7
-569.0,-5.3,-33590.0,-4.3,-1.0
-568.0,-5.3,-33601.0,-3.8,-1.5
-567.0,-5.2,-33613.0,-3.4,-1.8
-566.0,-5.1,-33624.0,-2.9,-2.2
-565.0,-5.1,-33635.0,-2.5,-2.6
-564.0,-5.0,-33647.0,-2.0,-3.0
-563.0,-5.0,-33658.0,-1.6,-3.4
-562.0,-5.0,-33669.0,-1.1,-3.9
-561.0,-5.0,-33680.0,-0.7,-4.3
-560.0,-5.1,-33692.0,-0.2,-4.9
-559.0,-5.3,-33703.0,0.2,-5.5
-558.0,-5.4,-33714.0,0.7,-6.1
-557.0,-5.6,-33726.0,1.2,-6.8
-556.0,-5.8,-33737.0,1.6,-7.4
-555.0,-6.0,-33748.0,2.1,-8.1
-554.0,-6.2,-33760.0,2.5,-8.7
-553.0,-6.4,-33771.0,3.0,-9.4
-552.0,-6.5,-33782.0,3.4,-9.9
-551.0,-6.6,-33794.0,3.9,-10.5
-550.0,-6.6,-33805.0,4.3,-10.9
-549.0,-6.5,-33818.0,4.9,-11.4
-548.0,-6.4,-33832.0,5.4,-11.8
-547.0,-6.1,-33845.0,5.9,-12.0
-546.0,-5.8,-33859.0,6.5,-12.3
-545.0,-5.4,-33872.0,7.0,-12.4
-544.0,-5.0,-33886.0,7.6,-12.6
-543.0,-4.6,-33899.0,8.1,-12.7
-542.0,-4.1,-33913.0,8.6,-12.7
-541.0,-3.7,-33926.0,9.2,-12.9
-540.0,-3.3,-33940.0,9.7,-13.0
-539.0,-2.9,-33953.0,10.2,-13.1
-538.0,-2.6,-33966.0,10.8,-13.4
-537.0,-2.3,-33980.0,11.3,-13.6
-536.0,-2.2,-33993.0,11.9,-14.1
-535.0,-2.1,-34007.0,12.4,-14.5
-534.0,-2.2,-34020.0,12.9,-15.1
-533.0,-2.3,-34034.0,13.5,-15.8
-532.0,-2.5,-34047.0,14.0,-16.5
-531.0,-2.7,-34061.0,14.6,-17.3
-530.0,-3.0,-34074.0,15.1,-18.1
-529.0,-3.3,-34088.0,15.6,-18.9
-528.0,-3.7,-34101.0,16.2,-19.9
-527.0,-4.0,-34115.0,16.7,-20.7
-526.0,-4.3,-34128.0,17.2,-21.5
-525.0,-4.6,-34142.0,17.8,-22.4
-524.0,-4.8,-34155.0,18.3,-23.1
-523.0,-5.0,-34168.0,18.9,-23.9
-522.0,-5.1,-34182.0,19.4,-24.5
-521.0,-5.1,-34195.0,19.9,-25.0
-520.0,-5.1,-34209.0,20.5,-25.6
-519.0,-5.0,-34222.0,21.0,-26.0
-518.0,-5.0,-34236.0,21.6,-26.6
-517.0,-4.9,-34249.0,22.1,-27.0
-516.0,-4.7,-34263.0,22.6,-27.3
-515.0,-4.6,-34276.0,23.2,-27.8
-514.0,-4.5,-34290.0,23.7,-28.2
-513.0,-4.4,-34303.0,24.3,-28.7
-512.0,-4.4,-34317.0,24.8,-29.2
-511.0,-4.3,-34330.0,25.3,-29.6
-510.0,-4.3,-34344.0,25.9,-30.2
-509.0,-4.4,-34357.0,26.4,-30.8
-508.0,-4.5,-34371.0,26.9,-31.4
-507.0,-4.6,-34384.0,27.5,-32.1
-506.0,-4.7,-34397.0,28.0,-32.7
-505.0,-4.9,-34411.0,28.6,-33.5
-504.0,-5.1,-34424.0,29.1,-34.2
-503.0,-5.3,-34438.0,29.6,-34.9
-502.0,-5.5,-34451.0,30.2,-35.7
-501.0,-5.7,-34465.0,30.7,-36.4
-500.0,-5.9,-34478.0,31.3,-37.2
-499.0,-6.1,-34492.0,31.8,-37.9
-498.0,-6.3,-34505.0,32.3,-38.6
-497.0,-6.5,-34519.0,32.9,-39.4
-496.0,-6.6,-34532.0,33.4,-40.0
-495.0,-6.8,-34546.0,34.0,-40.8
-494.0,-7.0,-34559.0,34.5,-41.5
-493.0,-7.1,-34573.0,35.0,-42.1
-492.0,-7.2,-34586.0,35.6,-42.8
-491.0,-7.3,-34600.0,36.1,-43.4
-490.0,-7.4,-34613.0,36.6,-44.0
-489.0,-7.5,-34626.0,37.2,-44.7
-488.0,-7.6,-34640.0,37.7,-45.3
-487.0,-7.7,-34653.0,38.3,-46.0
-486.0,-7.7,-34667.0,38.8,-46.5
-485.0,-7.8,-34680.0,39.3,-47.1
-484.0,-7.8,-34694.0,39.9,-47.7
-483.0,-7.9,-34707.0,40.4,-48.3
-482.0,-7.9,-34721.0,41.0,-48.9
-481.0,-7.9,-34734.0,41.5,-49.4
-480.0,-7.9,-34748.0,42.0,-49.9
-479.0,-8.0,-34761.0,42.6,-50.6
-478.0,-8.0,-34775.0,43.1,-51.1
-477.0,-8.0,-34788.0,43.6,-51.6
-476.0,-8.1,-34802.0,44.2,-52.3
-475.0,-8.1,-34815.0,44.7,-52.8
-474.0,-8.2,-34829.0,45.3,-53.5
-473.0,-8.3,-34842.0,45.8,-54.1
-472.0,-8.3,-34855.0,46.3,-54.6
-471.0,-8.4,-34869.0,46.9,-55.3
-470.0,-8.5,-34882.0,47.4,-55.9
-469.0,-8.6,-34896.0,48.0,-56.6
-468.0,-8.8,-34909.0,48.5,-57.3
-467.0,-8.9,-34923.0,49.0,-57.9
-466.0,-9.0,-34936.0,49.6,-58.6
-465.0,-9.1,-34950.0,50.1,-59.2
-464.0,-9.1,-34963.0,50.7,-59.8
-463.0,-9.2,-34977.0,51.2,-60.4
-462.0,-9.3,-34990.0,51.7,-61.0
-461.0,-9.3,-35004.0,52.3,-61.6
-460.0,-9.3,-35017.0,52.8,-62.1
-459.0,-9.4,-35031.0,53.3,-62.7
-458.0,-9.3,-35044.0,53.9,-63.2
-457.0,-9.3,-35058.0,54.4,-63.7
-456.0,-9.3,-35071.0,55.0,-64.3
-455.0,-9.3,-35084.0,55.5,-64.8
-454.0,-9.3,-35098.0,56.0,-65.3
-453.0,-9.3,-35111.0,56.6,-65.9
-452.0,-9.4,-35125.0,57.1,-66.5
-451.0,-9.4,-35138.0,57.7,-67.1
-450.0,-9.5,-35152.0,58.2,-67.7
-449.0,-9.6,-35165.0,58.7,-68.3
-448.0,-9.7,-35178.0,59.2,-68.9
-447.0,-9.8,-35191.0,59.7,-69.5
-446.0,-10.0,-35203.0,60.3,-70.3
-445.0,-10.2,-35216.0,60.8,-71.0
-444.0,-10.4,-35229.0,61.3,-71.7
-443.0,-10.6,-35242.0,61.8,-72.4
-442.0,-10.8,-35255.0,62.3,-73.1
-441.0,-11.1,-35268.0,62.8,-73.9
-440.0,-11.3,-35281.0,63.4,-74.7
-439.0,-11.6,-35294.0,63.9,-75.5
-438.0,-11.8,-35307.0,64.4,-76.2
-437.0,-12.1,-35320.0,64.9,-77.0
-436.0,-12.3,-35333.0,65.4,-77.7
-435.0,-12.6,-35345.0,65.9,-78.5
-434.0,-12.8,-35358.0,66.5,-79.3
-433.0,-13.0,-35371.0,67.0,-80.0
-432.0,-13.2,-35384.0,67.5,-80.7
-431.0,-13.4,-35397.0,68.0,-81.4
-430.0,-13.6,-35410.0,68.5,-82.1
-429.0,-13.8,-35423.0,69.0,-82.8
-428.0,-13.9,-35436.0,69.6,-83.5
-427.0,-14.0,-35449.0,70.1,-84.1
-426.0,-14.1,-35462.0,70.6,-84.7
-425.0,-14.2,-35475.0,71.1,-85.3
-424.0,-14.3,-35487.0,71.6,-85.9
-423.0,-14.3,-35500.0,72.1,-86.4
-422.0,-14.3,-35513.0,72.7,-87.0
-421.0,-14.3,-35526.0,73.2,-87.5
-420.0,-14.3,-35539.0,73.7,-88.0
-419.0,-14.3,-35552.0,74.2,-88.5
-418.0,-14.2,-35565.0,74.7,-88.9
-417.0,-14.1,-35578.0,75.2,-89.3
-416.0,-14.0,-35591.0,75.8,-89.8
-415.0,-13.8,-35604.0,76.3,-90.1
-414.0,-13.6,-35617.0,76.8,-90.4
-413.0,-13.5,-35629.0,77.3,-90.8
-412.0,-13.2,-35642.0,77.8,-91.0
-411.0,-13.0,-35655.0,78.3,-91.3
-410.0,-12.7,-35668.0,78.9,-91.6
-409.0,-12.4,-35681.0,79.4,-91.8
-408.0,-12.0,-35694.0,79.9,-91.9
-407.0,-11.7,-35707.0,80.4,-92.1
-406.0,-11.3,-35720.0,80.9,-92.2
-405.0,-10.8,-35733.0,81.4,-92.2
-404.0,-10.4,-35746.0,82.0,-92.4
-403.0,-9.9,-35759.0,82.5,-92.4
-402.0,-9.4,-35771.0,83.0,-92.4
-401.0,-8.9,-35784.0,83.5,-92.4
-400.0,-8.4,-35797.0,84.0,-92.4
-399.0,-7.9,-35809.0,84.5,-92.4
-398.0,-7.4,-35822.0,85.0,-92.4
-397.0,-6.9,-35834.0,85.5,-92.4
-396.0,-6.4,-35846.0,86.0,-92.4
-395.0,-5.9,-35858.0,86.4,-92.3
-394.0,-5.3,-35870.0,86.9,-92.2
-393.0,-4.9,-35882.0,87.4,-92.3
-392.0,-4.4,-35895.0,87.9,-92.3
-391.0,-3.9,-35907.0,88.4,-92.3
-390.0,-3.4,-35919.0,88.9,-92.3
-389.0,-3.0,-35931.0,89.4,-92.4
-388.0,-2.6,-35943.0,89.9,-92.5
-387.0,-2.2,-35955.0,90.3,-92.5
-386.0,-1.9,-35968.0,90.8,-92.7
-385.0,-1.5,-35980.0,91.3,-92.8
-384.0,-1.2,-35992.0,91.8,-93.0
-383.0,-1.0,-36004.0,92.3,-93.3
-382.0,-0.8,-36016.0,92.8,-93.6
-381.0,-0.6,-36028.0,93.3,-93.9
-380.0,-0.5,-36040.0,93.7,-94.2
-379.0,-0.4,-36053.0,94.2,-94.6
-378.0,-0.3,-36065.0,94.7,-95.0
-377.0,-0.2,-36077.0,95.2,-95.4
-376.0,-0.2,-36089.0,95.7,-95.9
-375.0,-0.2,-36101.0,96.2,-96.4
-374.0,-0.2,-36113.0,96.7,-96.9
-373.0,-0.2,-36126.0,97.1,-97.3
-372.0,-0.2,-36138.0,97.6,-97.8
-371.0,-0.2,-36150.0,98.1,-98.3
-370.0,-0.2,-36162.0,98.6,-98.8
-369.0,-0.2,-36174.0,99.1,-99.3
-368.0,-0.2,-36186.0,99.6,-99.8
-367.0,-0.2,-36198.0,100.1,-100.3
-366.0,-0.2,-36211.0,100.6,-100.8
-365.0,-0.2,-36223.0,101.0,-101.2
-364.0,-0.2,-36235.0,101.5,-101.7
-363.0,-0.2,-36247.0,102.0,-102.2
-362.0,-0.1,-36259.0,102.5,-102.6
-361.0,0.0,-36271.0,103.0,-103.0
-360.0,0.1,-36284.0,103.5,-103.4
-359.0,0.3,-36296.0,104.0,-103.7
-358.0,0.5,-36308.0,104.4,-103.9
-357.0,0.7,-36320.0,104.9,-104.2
-356.0,1.0,-36332.0,105.4,-104.4
-355.0,1.3,-36344.0,105.9,-104.6
-354.0,1.6,-36357.0,106.4,-104.8
-353.0,1.9,-36369.0,106.9,-105.0
-352.0,2.2,-36381.0,107.4,-105.2
-351.0,2.6,-36393.0,107.8,-105.2
-350.0,2.9,-36405.0,108.3,-105.4
-349.0,3.3,-36416.0,108.7,-105.4
-348.0,3.7,-36426.0,109.2,-105.5
-347.0,4.1,-36436.0,109.6,-105.5
-346.0,4.4,-36447.0,110.0,-105.6
-345.0,4.8,-36457.0,110.4,-105.6
-344.0,5.1,-36468.0,110.8,-105.7
-343.0,5.5,-36478.0,111.3,-105.8
-342.0,5.8,-36489.0,111.7,-105.9
-341.0,6.1,-36499.0,112.1,-106.0
-340.0,6.3,-36509.0,112.5,-106.2
-339.0,6.5,-36520.0,112.9,-106.4
-338.0,6.7,-36530.0,113.3,-106.6
-337.0,6.9,-36541.0,113.8,-106.9
-336.0,7.0,-36551.0,114.2,-107.2
-335.0,7.1,-36562.0,114.6,-107.5
-334.0,7.1,-36572.0,115.0,-107.9
-333.0,7.1,-36583.0,115.4,-108.3
-332.0,7.0,-36593.0,115.8,-108.8
-331.0,6.8,-36603.0,116.3,-109.5
-330.0,6.7,-36614.0,116.7,-110.0
-329.0,6.5,-36624.0,117.1,-110.6
-328.0,6.2,-36635.0,117.5,-111.3
-327.0,5.9,-36645.0,117.9,-112.0
-326.0,5.6,-36656.0,118.3,-112.7
-325.0,5.3,-36666.0,118.8,-113.5
-324.0,4.9,-36676.0,119.2,-114.3
-323.0,4.5,-36687.0,119.6,-115.1
-322.0,4.1,-36697.0,120.0,-115.9
-321.0,3.7,-36708.0,120.4,-116.7
-320.0,3.3,-36718.0,120.9,-117.6
-319.0,2.8,-36729.0,121.3,-118.5
-318.0,2.4,-36739.0,121.7,-119.3
-317.0,2.0,-36749.0,122.1,-120.1
-316.0,1.5,-36760.0,122.5,-121.0
-315.0,1.1,-36770.0,122.9,-121.8
-314.0,0.7,-36781.0,123.4,-122.7
-313.0,0.3,-36791.0,123.8,-123.5
-312.0,-0.1,-36802.0,124.2,-124.3
-311.0,-0.4,-36812.0,124.6,-125.0
-310.0,-0.8,-36822.0,125.0,-125.8
-309.0,-1.1,-36833.0,125.4,-126.5
-308.0,-1.4,-36843.0,125.9,-127.3
-307.0,-1.6,-36854.0,126.3,-127.9
-306.0,-1.8,-36864.0,126.7,-128.5
-305.0,-2.0,-36875.0,127.1,-129.1
-304.0,-2.2,-36885.0,127.5,-129.7
-303.0,-2.4,-36896.0,127.9,-130.3
-302.0,-2.5,-36906.0,128.4,-130.9
-301.0,-2.6,-36916.0,128.8,-131.4
-300.0,-2.8,-36927.0,129.2,-132.0
-299.0,-2.9,-36935.0,129.5,-132.4
-298.0,-3.0,-36943.0,129.8,-132.8
-297.0,-3.1,-36950.0,130.1,-133.2
-296.0,-3.2,-36958.0,130.5,-133.7
-295.0,-3.3,-36966.0,130.8,-134.1
-294.0,-3.5,-36974.0,131.1,-134.6
-293.0,-3.6,-36982.0,131.4,-135.0
-292.0,-3.8,-36990.0,131.7,-135.5
-291.0,-3.9,-36998.0,132.0,-135.9
-290.0,-4.1,-37005.0,132.3,-136.4
-289.0,-4.4,-37013.0,132.7,-137.1
-288.0,-4.6,-37021.0,133.0,-137.6
-287.0,-4.9,-37029.0,133.3,-138.2
-286.0,-5.2,-37037.0,133.6,-138.8
-285.0,-5.5,-37045.0,133.9,-139.4
-284.0,-5.8,-37053.0,134.2,-140.0
-283.0,-6.2,-37061.0,134.5,-140.7
-282.0,-6.6,-37068.0,134.9,-141.5
-281.0,-7.0,-37076.0,135.2,-142.2
-280.0,-7.4,-37084.0,135.5,-142.9
-279.0,-7.8,-37092.0,135.8,-143.6
-278.0,-8.1,-37100.0,136.1,-144.2
-277.0,-8.5,-37108.0,136.4,-144.9
-276.0,-8.9,-37116.0,136.7,-145.6
-275.0,-9.3,-37123.0,137.1,-146.4
-274.0,-9.6,-37131.0,137.4,-147.0
-273.0,-9.9,-37139.0,137.7,-147.6
-272.0,-10.2,-37147.0,138.0,-148.2
-271.0,-10.5,-37155.0,138.3,-148.8
-270.0,-10.7,-37163.0,138.6,-149.3
-269.0,-10.9,-37171.0,138.9,-149.8
-268.0,-11.0,-37178.0,139.3,-150.3
-267.0,-11.1,-37186.0,139.6,-150.7
-266.0,-11.2,-37194.0,139.9,-151.1
-265.0,-11.2,-37202.0,140.2,-151.4
-264.0,-11.2,-37210.0,140.5,-151.7
-263.0,-11.2,-37218.0,140.8,-152.0
-262.0,-11.2,-37226.0,141.2,-152.4
-261.0,-11.2,-37234.0,141.5,-152.7
-260.0,-11.1,-37241.0,141.8,-152.9
-259.0,-11.1,-37249.0,142.1,-153.2
-258.0,-11.0,-37257.0,142.4,-153.4
-257.0,-10.9,-37265.0,142.7,-153.6
-256.0,-10.9,-37273.0,143.0,-153.9
-255.0,-10.9,-37281.0,143.4,-154.3
-254.0,-10.9,-37289.0,143.7,-154.6
-253.0,-10.9,-37296.0,144.0,-154.9
-252.0,-10.9,-37304.0,144.3,-155.2
-251.0,-11.0,-37312.0,144.6,-155.6
-250.0,-11.1,-37320.0,144.9,-156.0
-249.0,-11.2,-37326.0,145.2,-156.4
-248.0,-11.4,-37331.0,145.4,-156.8
-247.0,-11.6,-37337.0,145.6,-157.2
-246.0,-11.9,-37343.0,145.8,-157.7
-245.0,-12.2,-37348.0,146.1,-158.3
-244.0,-12.6,-37354.0,146.3,-158.9
-243.0,-13.0,-37360.0,146.5,-159.5
-242.0,-13.4,-37365.0,146.7,-160.1
-241.0,-13.9,-37371.0,147.0,-160.9
-240.0,-14.3,-37377.0,147.2,-161.5
-239.0,-14.6,-37382.0,147.4,-162.0
-238.0,-14.9,-37388.0,147.7,-162.6
-237.0,-15.1,-37394.0,147.9,-163.0
-236.0,-15.1,-37399.0,148.1,-163.2
-235.0,-15.0,-37405.0,148.3,-163.3
-234.0,-14.8,-37411.0,148.6,-163.4
-233.0,-14.4,-37417.0,148.8,-163.2
-232.0,-14.0,-37422.0,149.0,-163.0
-231.0,-13.6,-37428.0,149.2,-162.8
-230.0,-13.2,-37434.0,149.5,-162.7
-229.0,-12.8,-37439.0,149.7,-162.5
-228.0,-12.5,-37445.0,149.9,-162.4
-227.0,-12.2,-37451.0,150.1,-162.3
-226.0,-12.1,-37456.0,150.4,-162.5
-225.0,-12.0,-37462.0,150.6,-162.6
-224.0,-12.1,-37468.0,150.8,-162.9
-223.0,-12.1,-37473.0,151.1,-163.2
-222.0,-12.3,-37479.0,151.3,-163.6
-221.0,-12.5,-37485.0,151.5,-164.0
-220.0,-12.7,-37490.0,151.7,-164.4
-219.0,-13.0,-37496.0,152.0,-165.0
-218.0,-13.3,-37502.0,152.2,-165.5
-217.0,-13.6,-37507.0,152.4,-166.0
-216.0,-13.9,-37513.0,152.6,-166.5
-215.0,-14.2,-37519.0,152.9,-167.1
-214.0,-14.4,-37524.0,153.1,-167.5
-213.0,-14.6,-37530.0,153.3,-167.9
-212.0,-14.7,-37536.0,153.6,-168.3
-211.0,-14.8,-37541.0,153.8,-168.6
-210.0,-14.7,-37547.0,154.0,-168.7
-209.0,-14.6,-37553.0,154.2,-168.8
-208.0,-14.4,-37558.0,154.5,-168.9
-207.0,-14.1,-37564.0,154.7,-168.8
-206.0,-13.8,-37570.0,154.9,-168.7
-205.0,-13.4,-37575.0,155.1,-168.5
-204.0,-12.9,-37581.0,155.4,-168.3
-203.0,-12.5,-37587.0,155.6,-168.1
-202.0,-12.0,-37592.0,155.8,-167.8
-201.0,-11.5,-37598.0,156.0,-167.5
-200.0,-11.1,-37604.0,156.3,-167.4
-199.0,-10.6,-37609.0,156.5,-167.1
-198.0,-10.2,-37613.0,156.7,-166.9
-197.0,-9.8,-37618.0,156.8,-166.6
-196.0,-9.5,-37623.0,157.0,-166.5
-195.0,-9.2,-37628.0,157.2,-166.4
-194.0,-9.0,-37632.0,157.4,-166.4
-193.0,-8.9,-37637.0,157.6,-166.5
-192.0,-8.9,-37642.0,157.8,-166.7
-191.0,-8.9,-37647.0,158.0,-166.9
-190.0,-9.0,-37652.0,158.2,-167.2
-189.0,-9.2,-37656.0,158.4,-167.6
-188.0,-9.4,-37661.0,158.6,-168.0
-187.0,-9.7,-37666.0,158.8,-168.5
-186.0,-9.9,-37671.0,158.9,-168.8
-185.0,-10.2,-37675.0,159.1,-169.3
-184.0,-10.6,-37680.0,159.3,-169.9
-183.0,-10.9,-37685.0,159.5,-170.4
-182.0,-11.1,-37690.0,159.7,-170.8
-181.0,-11.4,-37694.0,159.9,-171.3
-180.0,-11.5,-37699.0,160.1,-171.6
-179.0,-11.6,-37704.0,160.3,-171.9
-178.0,-11.6,-37709.0,160.5,-172.1
-177.0,-11.6,-37714.0,160.7,-172.3
-176.0,-11.4,-37718.0,160.9,-172.3
-175.0,-11.2,-37723.0,161.0,-172.2
-174.0,-10.9,-37728.0,161.2,-172.1
-173.0,-10.6,-37733.0,161.4,-172.0
-172.0,-10.3,-37737.0,161.6,-171.9
-171.0,-10.0,-37742.0,161.8,-171.8
-170.0,-9.8,-37747.0,162.0,-171.8
-169.0,-9.5,-37752.0,162.2,-171.7
-168.0,-9.3,-37757.0,162.4,-171.7
-167.0,-9.1,-37761.0,162.6,-171.7
-166.0,-9.0,-37766.0,162.8,-171.8
-165.0,-8.9,-37771.0,163.0,-171.9
-164.0,-8.8,-37776.0,163.1,-171.9
-163.0,-8.7,-37780.0,163.3,-172.0
-162.0,-8.7,-37785.0,163.5,-172.2
-161.0,-8.7,-37790.0,163.7,-172.4
-160.0,-8.8,-37795.0,163.9,-172.7
-159.0,-8.8,-37799.0,164.1,-172.9
-158.0,-8.9,-37804.0,164.3,-173.2
-157.0,-8.9,-37809.0,164.5,-173.4
-156.0,-9.0,-37814.0,164.7,-173.7
-155.0,-9.1,-37819.0,164.9,-174.0
-154.0,-9.1,-37823.0,165.1,-174.2
-153.0,-9.1,-37828.0,165.3,-174.4
-152.0,-9.1,-37833.0,165.4,-174.5
-151.0,-9.1,-37838.0,165.6,-174.7
-150.0,-9.0,-37842.0,165.8,-174.8
-149.0,-8.9,-37847.0,166.0,-174.9
-148.0,-8.8,-37851.0,166.2,-175.0
-147.0,-8.6,-37856.0,166.3,-174.9
-146.0,-8.6,-37860.0,166.5,-175.1
-145.0,-8.5,-37864.0,166.7,-175.2
-144.0,-8.6,-37869.0,166.9,-175.5
-143.0,-8.6,-37873.0,167.0,-175.6
-142.0,-8.8,-37877.0,167.2,-176.0
-141.0,-8.9,-37882.0,167.4,-176.3
-140.0,-9.1,-37886.0,167.6,-176.7
-139.0,-9.3,-37890.0,167.7,-177.0
-138.0,-9.5,-37895.0,167.9,-177.4
-137.0,-9.8,-37899.0,168.1,-177.9
-136.0,-10.0,-37903.0,168.3,-178.3
-135.0,-10.2,-37908.0,168.4,-178.6
-134.0,-10.4,-37912.0,168.6,-179.0
-133.0,-10.6,-37917.0,168.8,-179.4
-132.0,-10.8,-37921.0,169.0,-179.8
-131.0,-11.0,-37925.0,169.1,-180.1
-130.0,-11.3,-37930.0,169.3,-180.6
-129.0,-11.5,-37934.0,169.5,-181.0
-128.0,-11.7,-37938.0,169.7,-181.4
-127.0,-11.9,-37943.0,169.8,-181.7
-126.0,-12.1,-37947.0,170.0,-182.1
-125.0,-12.2,-37951.0,170.2,-182.4
-124.0,-12.3,-37956.0,170.4,-182.7
-123.0,-12.3,-37960.0,170.5,-182.8
-122.0,-12.4,-37965.0,170.7,-183.1
-121.0,-12.4,-37969.0,170.9,-183.3
-120.0,-12.5,-37973.0,171.1,-183.6
-119.0,-12.5,-37978.0,171.2,-183.7
-118.0,-12.6,-37982.0,171.4,-184.0
-117.0,-12.6,-37986.0,171.6,-184.2
-116.0,-12.7,-37991.0,171.8,-184.5
-115.0,-12.8,-37995.0,171.9,-184.7
-114.0,-12.8,-37999.0,172.1,-184.9
-113.0,-12.9,-38004.0,172.3,-185.2
-112.0,-13.0,-38008.0,172.5,-185.5
-111.0,-13.0,-38013.0,172.6,-185.6
-110.0,-13.1,-38017.0,172.8,-185.9
-109.0,-13.2,-38021.0,173.0,-186.2
-108.0,-13.2,-38026.0,173.1,-186.3
-107.0,-13.2,-38030.0,173.3,-186.5
-106.0,-13.2,-38034.0,173.5,-186.7
-105.0,-13.2,-38039.0,173.7,-186.9
-104.0,-13.2,-38043.0,173.8,-187.0
-103.0,-13.2,-38047.0,174.0,-187.2
-102.0,-13.2,-38052.0,174.2,-187.4
-101.0,-13.1,-38056.0,174.4,-187.5
-100.0,-13.1,-38061.0,174.5,-187.6
-99.0,-13.1,-38065.0,174.7,-187.8
-98.0,-13.0,-38070.0,174.9,-187.9
-97.0,-13.0,-38074.0,175.1,-188.1
-96.0,-12.9,-38079.0,175.3,-188.2
-95.0,-12.8,-38083.0,175.4,-188.2
-94.0,-12.7,-38088.0,175.6,-188.3
-93.0,-12.5,-38092.0,175.8,-188.3
-92.0,-12.3,-38097.0,176.0,-188.3
-91.0,-12.2,-38101.0,176.2,-188.4
-90.0,-12.0,-38106.0,176.4,-188.4
-89.0,-12.0,-38110.0,176.5,-188.5
-88.0,-11.9,-38115.0,176.7,-188.6
-87.0,-11.9,-38119.0,176.9,-188.8
-86.0,-11.9,-38124.0,177.1,-189.0
-85.0,-12.0,-38128.0,177.3,-189.3
-84.0,-12.1,-38133.0,177.4,-189.5
-83.0,-12.3,-38137.0,177.6,-189.9
-82.0,-12.5,-38142.0,177.8,-190.3
-81.0,-12.7,-38146.0,178.0,-190.7
-80.0,-12.9,-38151.0,178.2,-191.1
-79.0,-13.2,-38155.0,178.3,-191.5
-78.0,-13.4,-38160.0,178.5,-191.9
-77.0,-13.7,-38164.0,178.7,-192.4
-76.0,-14.0,-38169.0,178.9,-192.9
-75.0,-14.3,-38174.0,179.1,-193.4
-74.0,-14.6,-38178.0,179.2,-193.8
-73.0,-14.9,-38183.0,179.4,-194.3
-72.0,-15.2,-38187.0,179.6,-194.8
-71.0,-15.5,-38192.0,179.8,-195.3
-70.0,-15.9,-38196.0,180.0,-195.9
-69.0,-16.2,-38201.0,180.2,-196.4
-68.0,-16.5,-38205.0,180.3,-196.8
-67.0,-16.8,-38210.0,180.5,-197.3
-66.0,-17.2,-38214.0,180.7,-197.9
-65.0,-17.4,-38219.0,180.9,-198.3
-64.0,-17.7,-38223.0,181.1,-198.8
-63.0,-17.9,-38228.0,181.2,-199.1
-62.0,-18.1,-38232.0,181.4,-199.5
-61.0,-18.2,-38237.0,181.6,-199.8
-60.0,-18.2,-38241.0,181.8,-200.0
-59.0,-18.2,-38246.0,182.0,-200.2
-58.0,-18.1,-38250.0,182.1,-200.2
-57.0,-17.9,-38255.0,182.3,-200.2
-56.0,-17.7,-38259.0,182.5,-200.2
-55.0,-17.4,-38264.0,182.7,-200.1
-54.0,-17.1,-38268.0,182.9,-200.0
-53.0,-16.7,-38273.0,183.0,-199.7
-52.0,-16.3,-38278.0,183.2,-199.5
-51.0,-16.0,-38282.0,183.4,-199.4
-50.0,-15.6,-38287.0,183.6,-199.2
-49.0,-15.2,-38292.0,183.8,-199.0
-48.0,-14.9,-38297.0,184.0,-198.9
-47.0,-14.5,-38301.0,184.2,-198.7
-46.0,-14.2,-38306.0,184.4,-198.6
-45.0,-13.9,-38311.0,184.6,-198.5
-44.0,-13.5,-38316.0,184.8,-198.3
-43.0,-13.2,-38321.0,185.0,-198.2
-42.0,-12.8,-38326.0,185.2,-198.0
-41.0,-12.5,-38331.0,185.4,-197.9
-40.0,-12.2,-38336.0,185.6,-197.8
-39.0,-11.9,-38341.0,185.8,-197.7
-38.0,-11.6,-38346.0,186.0,-197.6
-37.0,-11.3,-38351.0,186.2,-197.5
-36.0,-11.1,-38356.0,186.4,-197.5
-35.0,-10.9,-38361.0,186.6,-197.5
-34.0,-10.7,-38366.0,186.8,-197.5
-33.0,-10.6,-38371.0,187.0,-197.6
-32.0,-10.6,-38376.0,187.2,-197.8
-31.0,-10.6,-38381.0,187.4,-198.0
-30.0,-10.7,-38386.0,187.6,-198.3
-29.0,-10.8,-38391.0,187.8,-198.6
-28.0,-10.9,-38396.0,188.0,-198.9
-27.0,-11.0,-38401.0,188.2,-199.2
-26.0,-11.1,-38406.0,188.4,-199.5
-25.0,-11.2,-38411.0,188.6,-199.8
-24.0,-11.3,-38416.0,188.8,-200.1
-23.0,-11.3,-38421.0,189.0,-200.3
-22.0,-11.4,-38426.0,189.2,-200.6
-21.0,-11.5,-38431.0,189.4,-200.9
-20.0,-11.6,-38436.0,189.6,-201.2
-19.0,-11.7,-38441.0,189.8,-201.5
-18.0,-11.8,-38446.0,190.0,-201.8
-17.0,-12.0,-38451.0,190.2,-202.2
-16.0,-12.2,-38456.0,190.4,-202.6
-15.0,-12.6,-38461.0,190.6,-203.2
-14.0,-12.9,-38466.0,190.8,-203.7
-13.0,-13.4,-38471.0,191.0,-204.4
-12.0,-14.0,-38476.0,191.2,-205.2
-11.0,-14.6,-38481.0,191.4,-206.0
-10.0,-15.2,-38486.0,191.6,-206.8
-9.0,-15.7,-38491.0,191.8,-207.5
-8.0,-16.2,-38496.0,192.0,-208.2
-7.0,-16.6,-38501.0,192.2,-208.8
-6.0,-17.0,-38506.0,192.3,-209.3
-5.0,-17.2,-38511.0,192.5,-209.7
-4.0,-17.4,-38516.0,192.7,-210.1
-3.0,-17.5,-38521.0,192.9,-210.4
-2.0,-17.5,-38526.0,193.1,-210.6
-1.0,-17.3,-38530.0,193.3,-210.6
0.0,-17.1,-38535.0,193.5,-210.6
1.0,-16.8,-38541.0,193.7,-210.5
2.0,-16.5,-38546.0,193.9,-210.4
3.0,-16.1,-38551.0,194.1,-210.2
4.0,-15.7,-38556.0,194.4,-210.1
5.0,-15.4,-38561.0,194.6,-210.0
6.0,-15.2,-38566.0,194.8,-210.0
7.0,-15.0,-38571.0,195.0,-210.0
8.0,-14.9,-38576.0,195.2,-210.1
9.0,-14.8,-38581.0,195.4,-210.2
10.0,-14.7,-38586.0,195.6,-210.3
11.0,-14.7,-38591.0,195.8,-210.5
12.0,-14.7,-38596.0,196.0,-210.7
13.0,-14.8,-38601.0,196.2,-211.0
14.0,-14.8,-38606.0,196.4,-211.2
15.0,-14.8,-38611.0,196.6,-211.4
16.0,-14.9,-38616.0,196.8,-211.7
17.0,-14.9,-38621.0,197.0,-211.9
18.0,-14.9,-38626.0,197.2,-212.1
19.0,-14.8,-38631.0,197.4,-212.2
20.0,-14.7,-38636.0,197.6,-212.3
21.0,-14.6,-38641.0,197.8,-212.4
22.0,-14.4,-38646.0,198.0,-212.4
23.0,-14.2,-38651.0,198.2,-212.4
24.0,-14.0,-38656.0,198.4,-212.4
25.0,-13.8,-38662.0,198.6,-212.4
26.0,-13.6,-38667.0,198.8,-212.4
27.0,-13.4,-38672.0,199.0,-212.4
28.0,-13.2,-38677.0,199.2,-212.4
29.0,-13.1,-38682.0,199.4,-212.5
30.0,-13.0,-38687.0,199.6,-212.6
31.0,-13.0,-38692.0,199.8,-212.8
32.0,-12.9,-38697.0,200.0,-212.9
33.0,-13.0,-38702.0,200.2,-213.2
34.0,-13.1,-38707.0,200.4,-213.5
35.0,-13.2,-38712.0,200.6,-213.8
36.0,-13.3,-38717.0,200.8,-214.1
37.0,-13.5,-38722.0,201.0,-214.5
38.0,-13.7,-38727.0,201.2,-214.9
39.0,-13.9,-38732.0,201.4,-215.3
40.0,-14.1,-38737.0,201.6,-215.7
41.0,-14.3,-38742.0,201.8,-216.1
42.0,-14.5,-38747.0,202.0,-216.5
43.0,-14.8,-38752.0,202.2,-217.0
44.0,-15.0,-38757.0,202.4,-217.4
45.0,-15.3,-38762.0,202.6,-217.9
46.0,-15.6,-38767.0,202.8,-218.4
47.0,-15.9,-38772.0,203.0,-218.9
48.0,-16.2,-38777.0,203.2,-219.4
49.0,-16.4,-38783.0,203.4,-219.8
50.0,-16.7,-38788.0,203.6,-220.3
51.0,-16.9,-38792.0,203.8,-220.7
52.0,-17.1,-38797.0,204.0,-221.1
53.0,-17.2,-38802.0,204.2,-221.4
54.0,-17.2,-38807.0,204.4,-221.6
55.0,-17.2,-38812.0,204.6,-221.8
56.0,-17.1,-38816.0,204.8,-221.9
57.0,-17.0,-38821.0,205.0,-222.0
58.0,-16.9,-38826.0,205.2,-222.1
59.0,-16.7,-38831.0,205.4,-222.1
60.0,-16.6,-38836.0,205.6,-222.2
61.0,-16.4,-38841.0,205.7,-222.1
62.0,-16.2,-38845.0,205.9,-222.1
63.0,-16.1,-38850.0,206.1,-222.2
64.0,-16.0,-38855.0,206.3,-222.3
65.0,-15.8,-38860.0,206.5,-222.3
66.0,-15.7,-38865.0,206.7,-222.4
67.0,-15.7,-38870.0,206.9,-222.6
68.0,-15.6,-38874.0,207.1,-222.7
69.0,-15.6,-38879.0,207.3,-222.9
70.0,-15.6,-38884.0,207.5,-223.1
71.0,-15.7,-38889.0,207.7,-223.4
72.0,-15.8,-38894.0,207.9,-223.7
73.0,-15.8,-38898.0,208.1,-223.9
74.0,-15.9,-38903.0,208.3,-224.2
75.0,-16.0,-38908.0,208.4,-224.4
76.0,-16.1,-38913.0,208.6,-224.7
77.0,-16.1,-38918.0,208.8,-224.9
78.0,-16.1,-38923.0,209.0,-225.1
79.0,-16.0,-38927.0,209.2,-225.2
80.0,-15.8,-38932.0,209.4,-225.2
81.0,-15.6,-38937.0,209.6,-225.2
82.0,-15.3,-38942.0,209.8,-225.1
83.0,-15.0,-38947.0,210.0,-225.0
84.0,-14.8,-38951.0,210.2,-225.0
85.0,-14.5,-38956.0,210.4,-224.9
86.0,-14.2,-38961.0,210.6,-224.8
87.0,-14.0,-38966.0,210.8,-224.8
88.0,-13.9,-38971.0,211.0,-224.9
89.0,-13.9,-38976.0,211.1,-225.0
90.0,-14.0,-38980.0,211.3,-225.3
91.0,-14.2,-38985.0,211.5,-225.7
92.0,-14.6,-38990.0,211.7,-226.3
93.0,-15.0,-38995.0,211.9,-226.9
94.0,-15.5,-39000.0,212.1,-227.6
95.0,-16.0,-39005.0,212.3,-228.3
96.0,-16.5,-39009.0,212.5,-229.0
97.0,-17.0,-39014.0,212.7,-229.7
98.0,-17.5,-39019.0,212.9,-230.4
99.0,-18.0,-39024.0,213.1,-231.1
100.0,-18.4,-39029.0,213.3,-231.7
101.0,-18.8,-39033.0,213.4,-232.2
102.0,-19.0,-39037.0,213.6,-232.6
103.0,-19.2,-39042.0,213.8,-233.0
104.0,-19.3,-39046.0,214.0,-233.3
105.0,-19.3,-39051.0,214.2,-233.5
106.0,-19.3,-39055.0,214.3,-233.6
107.0,-19.2,-39060.0,214.5,-233.7
108.0,-19.1,-39064.0,214.7,-233.8
109.0,-19.0,-39068.0,214.9,-233.9
110.0,-18.9,-39073.0,215.0,-233.9
111.0,-18.9,-39077.0,215.2,-234.1
112.0,-18.9,-39082.0,215.4,-234.3
113.0,-18.8,-39086.0,215.6,-234.4
114.0,-18.8,-39091.0,215.7,-234.5
115.0,-18.7,-39095.0,215.9,-234.6
116.0,-18.6,-39099.0,216.1,-234.7
117.0,-18.5,-39104.0,216.3,-234.8
118.0,-18.4,-39108.0,216.5,-234.9
119.0,-18.2,-39113.0,216.6,-234.8
120.0,-17.9,-39117.0,216.8,-234.7
121.0,-17.6,-39122.0,217.0,-234.6
122.0,-17.2,-39126.0,217.2,-234.4
123.0,-16.7,-39130.0,217.3,-234.0
124.0,-16.3,-39135.0,217.5,-233.8
125.0,-15.8,-39139.0,217.7,-233.5
126.0,-15.4,-39144.0,217.9,-233.3
127.0,-15.0,-39148.0,218.1,-233.1
128.0,-14.7,-39153.0,218.2,-232.9
129.0,-14.4,-39157.0,218.4,-232.8
130.0,-14.2,-39161.0,218.6,-232.8
131.0,-14.1,-39166.0,218.8,-232.9
132.0,-14.0,-39170.0,218.9,-232.9
133.0,-14.0,-39175.0,219.1,-233.1
134.0,-14.1,-39179.0,219.3,-233.4
135.0,-14.2,-39184.0,219.5,-233.7
136.0,-14.3,-39188.0,219.6,-233.9
137.0,-14.5,-39192.0,219.8,-234.3
138.0,-14.7,-39197.0,220.0,-234.7
139.0,-14.9,-39201.0,220.2,-235.1
140.0,-15.2,-39206.0,220.4,-235.6
141.0,-15.4,-39210.0,220.5,-235.9
142.0,-15.6,-39215.0,220.7,-236.3
143.0,-15.9,-39219.0,220.9,-236.8
144.0,-16.1,-39223.0,221.1,-237.2
145.0,-16.3,-39228.0,221.2,-237.5
146.0,-16.5,-39232.0,221.4,-237.9
147.0,-16.7,-39237.0,221.6,-238.3
148.0,-16.8,-39241.0,221.8,-238.6
149.0,-16.9,-39246.0,221.9,-238.8
150.0,-17.1,-39250.0,222.1,-239.2
151.0,-17.1,-39255.0,222.3,-239.4
152.0,-17.2,-39259.0,222.5,-239.7
153.0,-17.3,-39264.0,222.7,-240.0
154.0,-17.3,-39269.0,222.9,-240.2
155.0,-17.3,-39273.0,223.1,-240.4
156.0,-17.3,-39278.0,223.2,-240.5
157.0,-17.3,-39283.0,223.4,-240.7
158.0,-17.4,-39287.0,223.6,-241.0
159.0,-17.4,-39292.0,223.8,-241.2
160.0,-17.5,-39297.0,224.0,-241.5
161.0,-17.6,-39301.0,224.2,-241.8
162.0,-17.7,-39306.0,224.4,-242.1
163.0,-17.8,-39311.0,224.6,-242.4
164.0,-17.8,-39315.0,224.7,-242.5
165.0,-17.9,-39320.0,224.9,-242.8
166.0,-18.0,-39325.0,225.1,-243.1
167.0,-18.0,-39329.0,225.3,-243.3
168.0,-18.0,-39334.0,225.5,-243.5
169.0,-18.1,-39339.0,225.7,-243.8
170.0,-18.1,-39343.0,225.9,-244.0
171.0,-18.2,-39348.0,226.1,-244.3
172.0,-18.3,-39353.0,226.2,-244.5
173.0,-18.4,-39357.0,226.4,-244.8
174.0,-18.5,-39362.0,226.6,-245.1
175.0,-18.6,-39367.0,226.8,-245.4
176.0,-18.7,-39372.0,227.0,-245.7
177.0,-18.9,-39376.0,227.2,-246.1
178.0,-19.0,-39381.0,227.4,-246.4
179.0,-19.1,-39386.0,227.5,-246.6
180.0,-19.2,-39390.0,227.7,-246.9
181.0,-19.3,-39395.0,227.9,-247.2
182.0,-19.5,-39400.0,228.1,-247.6
183.0,-19.6,-39404.0,228.3,-247.9
184.0,-19.8,-39409.0,228.5,-248.3
185.0,-20.0,-39414.0,228.7,-248.7
186.0,-20.2,-39418.0,228.9,-249.1
187.0,-20.4,-39423.0,229.0,-249.4
188.0,-20.6,-39428.0,229.2,-249.8
189.0,-20.9,-39432.0,229.4,-250.3
190.0,-21.1,-39437.0,229.6,-250.7
191.0,-21.3,-39442.0,229.8,-251.1
192.0,-21.6,-39446.0,230.0,-251.6
193.0,-21.8,-39451.0,230.2,-252.0
194.0,-21.9,-39456.0,230.4,-252.3
195.0,-22.1,-39460.0,230.5,-252.6
196.0,-22.2,-39465.0,230.7,-252.9
197.0,-22.3,-39470.0,230.9,-253.2
198.0,-22.4,-39474.0,231.1,-253.5
199.0,-22.4,-39479.0,231.3,-253.7
200.0,-22.4,-39484.0,231.5,-253.9
201.0,-22.4,-39488.0,231.6,-254.0
202.0,-22.3,-39492.0,231.8,-254.1
203.0,-22.2,-39496.0,232.0,-254.2
204.0,-22.0,-39500.0,232.1,-254.1
205.0,-21.8,-39504.0,232.3,-254.1
206.0,-21.6,-39508.0,232.4,-254.0
207.0,-21.4,-39512.0,232.6,-254.0
208.0,-21.2,-39516.0,232.8,-254.0
209.0,-20.9,-39520.0,232.9,-253.8
210.0,-20.7,-39524.0,233.1,-253.8
211.0,-20.4,-39528.0,233.2,-253.6
212.0,-20.2,-39532.0,233.4,-253.6
213.0,-20.0,-39536.0,233.6,-253.6
214.0,-19.8,-39540.0,233.7,-253.5
215.0,-19.6,-39544.0,233.9,-253.5
216.0,-19.4,-39548.0,234.1,-253.5
217.0,-19.3,-39552.0,234.2,-253.5
218.0,-19.2,-39556.0,234.4,-253.6
219.0,-19.2,-39560.0,234.5,-253.7
220.0,-19.2,-39564.0,234.7,-253.9
221.0,-19.3,-39568.0,234.9,-254.2
222.0,-19.3,-39573.0,235.0,-254.3
223.0,-19.4,-39577.0,235.2,-254.6
224.0,-19.5,-39581.0,235.3,-254.8
225.0,-19.6,-39585.0,235.5,-255.1
226.0,-19.8,-39589.0,235.7,-255.5
227.0,-19.8,-39593.0,235.8,-255.6
228.0,-19.9,-39597.0,236.0,-255.9
229.0,-19.9,-39601.0,236.2,-256.1
230.0,-19.9,-39605.0,236.3,-256.2
231.0,-19.8,-39609.0,236.5,-256.3
232.0,-19.7,-39613.0,236.6,-256.3
233.0,-19.5,-39617.0,236.8,-256.3
234.0,-19.3,-39621.0,237.0,-256.3
235.0,-19.1,-39625.0,237.1,-256.2
236.0,-18.8,-39629.0,237.3,-256.1
237.0,-18.5,-39633.0,237.4,-255.9
238.0,-18.2,-39637.0,237.6,-255.8
239.0,-17.9,-39641.0,237.8,-255.7
240.0,-17.5,-39645.0,237.9,-255.4
241.0,-17.2,-39649.0,238.1,-255.3
242.0,-16.9,-39653.0,238.3,-255.2
243.0,-16.7,-39657.0,238.4,-255.1
244.0,-16.4,-39661.0,238.6,-255.0
245.0,-16.2,-39665.0,238.7,-254.9
246.0,-16.0,-39669.0,238.9,-254.9
247.0,-15.8,-39673.0,239.1,-254.9
248.0,-15.6,-39677.0,239.2,-254.8
249.0,-15.4,-39682.0,239.4,-254.8
250.0,-15.2,-39686.0,239.5,-254.7
251.0,-15.0,-39687.0,239.6,-254.6
252.0,-14.7,-39689.0,239.7,-254.4
253.0,-14.4,-39690.0,239.7,-254.1
254.0,-14.1,-39691.0,239.8,-253.9
255.0,-13.8,-39693.0,239.8,-253.6
256.0,-13.4,-39694.0,239.9,-253.3
257.0,-12.9,-39696.0,240.0,-252.9
258.0,-12.4,-39697.0,240.0,-252.4
259.0,-12.0,-39699.0,240.1,-252.1
260.0,-11.5,-39700.0,240.1,-251.6
261.0,-11.0,-39702.0,240.2,-251.2
262.0,-10.5,-39703.0,240.3,-250.8
263.0,-10.1,-39705.0,240.3,-250.4
264.0,-9.7,-39706.0,240.4,-250.1
265.0,-9.4,-39708.0,240.4,-249.8
266.0,-9.2,-39709.0,240.5,-249.7
267.0,-9.1,-39711.0,240.6,-249.7
268.0,-9.0,-39712.0,240.6,-249.6
269.0,-9.2,-39714.0,240.7,-249.9
270.0,-9.4,-39715.0,240.7,-250.1
271.0,-9.7,-39717.0,240.8,-250.5
272.0,-10.1,-39718.0,240.8,-250.9
273.0,-10.6,-39720.0,240.9,-251.5
274.0,-11.2,-39721.0,241.0,-252.2
275.0,-11.7,-39723.0,241.0,-252.7
276.0,-12.4,-39724.0,241.1,-253.5
277.0,-13.0,-39726.0,241.1,-254.1
278.0,-13.6,-39727.0,241.2,-254.8
279.0,-14.3,-39728.0,241.3,-255.6
280.0,-14.9,-39730.0,241.3,-256.2
281.0,-15.4,-39731.0,241.4,-256.8
282.0,-16.0,-39733.0,241.4,-257.4
283.0,-16.4,-39734.0,241.5,-257.9
284.0,-16.9,-39736.0,241.6,-258.5
285.0,-17.3,-39737.0,241.6,-258.9
286.0,-17.7,-39739.0,241.7,-259.4
287.0,-18.1,-39740.0,241.7,-259.8
288.0,-18.4,-39742.0,241.8,-260.2
289.0,-18.7,-39743.0,241.9,-260.6
290.0,-19.0,-39745.0,241.9,-260.9
291.0,-19.3,-39746.0,242.0,-261.3
292.0,-19.6,-39748.0,242.0,-261.6
293.0,-19.9,-39749.0,242.1,-262.0
294.0,-20.2,-39751.0,242.2,-262.4
295.0,-20.5,-39752.0,242.2,-262.7
296.0,-20.9,-39754.0,242.3,-263.2
297.0,-21.2,-39755.0,242.3,-263.5
298.0,-21.5,-39757.0,242.4,-263.9
299.0,-21.9,-39758.0,242.4,-264.3
300.0,-22.2,-39760.0,242.5,-264.7
301.0,-22.4,-39757.0,242.4,-264.8
302.0,-22.6,-39754.0,242.3,-264.9
303.0,-22.7,-39751.0,242.2,-264.9
304.0,-22.6,-39748.0,242.0,-264.6
305.0,-22.5,-39745.0,241.9,-264.4
306.0,-22.4,-39742.0,241.8,-264.2
307.0,-22.3,-39739.0,241.7,-264.0
308.0,-22.3,-39736.0,241.6,-263.9
309.0,-22.2,-39734.0,241.5,-263.7
310.0,-22.3,-39731.0,241.4,-263.7
311.0,-22.4,-39728.0,241.2,-263.6
312.0,-22.5,-39725.0,241.1,-263.6
313.0,-22.6,-39722.0,241.0,-263.6
314.0,-22.6,-39719.0,240.9,-263.5
315.0,-22.6,-39716.0,240.8,-263.4
316.0,-22.6,-39713.0,240.7,-263.3
317.0,-22.5,-39710.0,240.5,-263.0
318.0,-22.5,-39708.0,240.4,-262.9
319.0,-22.4,-39705.0,240.3,-262.7
320.0,-22.5,-39702.0,240.2,-262.7
321.0,-22.6,-39699.0,240.1,-262.7
322.0,-22.6,-39696.0,240.0,-262.6
323.0,-22.6,-39693.0,239.9,-262.5
324.0,-22.4,-39690.0,239.7,-262.1
325.0,-22.2,-39687.0,239.6,-261.8
326.0,-21.8,-39684.0,239.5,-261.3
327.0,-21.5,-39682.0,239.4,-260.9
328.0,-21.2,-39679.0,239.3,-260.5
329.0,-21.0,-39676.0,239.2,-260.2
330.0,-20.8,-39673.0,239.0,-259.8
331.0,-20.8,-39670.0,238.9,-259.7
332.0,-20.9,-39667.0,238.8,-259.7
333.0,-20.9,-39664.0,238.7,-259.6
334.0,-21.0,-39661.0,238.6,-259.6
335.0,-21.0,-39659.0,238.5,-259.5
336.0,-20.9,-39656.0,238.4,-259.3
337.0,-20.8,-39653.0,238.2,-259.0
338.0,-20.6,-39650.0,238.1,-258.7
339.0,-20.4,-39647.0,238.0,-258.4
340.0,-20.3,-39644.0,237.9,-258.2
341.0,-20.3,-39641.0,237.8,-258.1
342.0,-20.3,-39638.0,237.7,-258.0
343.0,-20.4,-39635.0,237.5,-257.9
344.0,-20.5,-39633.0,237.4,-257.9
345.0,-20.5,-39630.0,237.3,-257.8
346.0,-20.4,-39627.0,237.2,-257.6
347.0,-20.3,-39624.0,237.1,-257.4
348.0,-20.1,-39621.0,237.0,-257.1
349.0,-19.9,-39618.0,236.8,-256.7
350.0,-19.7,-39615.0,236.7,-256.4
351.0,-19.6,-39608.0,236.5,-256.1
352.0,-19.5,-39601.0,236.2,-255.7
353.0,-19.5,-39594.0,235.9,-255.4
354.0,-19.7,-39587.0,235.6,-255.3
355.0,-19.9,-39580.0,235.3,-255.2
356.0,-20.1,-39573.0,235.1,-255.2
357.0,-20.4,-39567.0,234.8,-255.2
358.0,-20.6,-39560.0,234.5,-255.1
359.0,-20.7,-39553.0,234.2,-254.9
360.0,-20.7,-39546.0,234.0,-254.7
361.0,-20.7,-39539.0,233.7,-254.4
362.0,-20.5,-39532.0,233.4,-253.9
363.0,-20.4,-39525.0,233.1,-253.5
364.0,-20.3,-39518.0,232.8,-253.1
365.0,-20.3,-39511.0,232.6,-252.9
366.0,-20.3,-39504.0,232.3,-252.6
367.0,-20.4,-39497.0,232.0,-252.4
368.0,-20.6,-39490.0,231.7,-252.3
369.0,-20.8,-39483.0,231.4,-252.2
370.0,-21.0,-39476.0,231.2,-252.2
371.0,-21.2,-39469.0,230.9,-252.1
372.0,-21.3,-39462.0,230.6,-251.9
373.0,-21.4,-39455.0,230.3,-251.7
374.0,-21.5,-39448.0,230.1,-251.6
375.0,-21.6,-39441.0,229.8,-251.4
376.0,-21.6,-39434.0,229.5,-251.1
377.0,-21.7,-39427.0,229.2,-250.9
378.0,-21.6,-39420.0,228.9,-250.5
379.0,-21.5,-39413.0,228.7,-250.2
380.0,-21.4,-39406.0,228.4,-249.8
381.0,-21.2,-39400.0,228.1,-249.3
382.0,-21.1,-39393.0,227.8,-248.9
383.0,-21.0,-39386.0,227.5,-248.5
384.0,-21.1,-39379.0,227.3,-248.4
385.0,-21.2,-39372.0,227.0,-248.2
386.0,-21.4,-39365.0,226.7,-248.1
387.0,-21.6,-39358.0,226.4,-248.0
388.0,-21.8,-39351.0,226.2,-248.0
389.0,-21.9,-39344.0,225.9,-247.8
390.0,-22.1,-39337.0,225.6,-247.7
391.0,-22.1,-39330.0,225.3,-247.4
392.0,-22.2,-39323.0,225.0,-247.2
393.0,-22.2,-39316.0,224.8,-247.0
394.0,-22.3,-39309.0,224.5,-246.8
395.0,-22.5,-39302.0,224.2,-246.7
396.0,-22.7,-39295.0,223.9,-246.6
397.0,-22.9,-39288.0,223.7,-246.6
398.0,-23.2,-39281.0,223.4,-246.6
399.0,-23.4,-39274.0,223.1,-246.5
400.0,-23.5,-39267.0,222.8,-246.3
401.0,-23.5,-39258.0,222.4,-245.9
402.0,-23.4,-39248.0,222.0,-245.4
403.0,-23.1,-39238.0,221.6,-244.7
404.0,-22.7,-39228.0,221.3,-244.0
405.0,-22.3,-39219.0,220.9,-243.2
406.0,-21.9,-39209.0,220.5,-242.4
407.0,-21.6,-39199.0,220.1,-241.7
408.0,-21.4,-39189.0,219.7,-241.1
409.0,-21.2,-39179.0,219.3,-240.5
410.0,-21.2,-39170.0,218.9,-240.1
411.0,-21.1,-39160.0,218.5,-239.6
412.0,-21.0,-39150.0,218.1,-239.1
413.0,-20.8,-39140.0,217.7,-238.5
414.0,-20.4,-39131.0,217.4,-237.8
415.0,-19.9,-39121.0,217.0,-236.9
416.0,-19.4,-39111.0,216.6,-236.0
417.0,-18.8,-39101.0,216.2,-235.0
418.0,-18.3,-39092.0,215.8,-234.1
419.0,-17.8,-39082.0,215.4,-233.2
420.0,-17.5,-39072.0,215.0,-232.5
421.0,-17.3,-39062.0,214.6,-231.9
422.0,-17.1,-39053.0,214.2,-231.3
423.0,-17.0,-39043.0,213.8,-230.8
424.0,-16.9,-39033.0,213.4,-230.3
425.0,-16.8,-39023.0,213.1,-229.9
426.0,-16.7,-39014.0,212.7,-229.4
427.0,-16.6,-39004.0,212.3,-228.9
428.0,-16.5,-38994.0,211.9,-228.4
429.0,-16.5,-38984.0,211.5,-228.0
430.0,-16.4,-38975.0,211.1,-227.5
431.0,-16.2,-38965.0,210.7,-226.9
432.0,-16.1,-38955.0,210.3,-226.4
433.0,-15.9,-38945.0,209.9,-225.8
434.0,-15.6,-38935.0,209.5,-225.1
435.0,-15.3,-38926.0,209.2,-224.5
436.0,-15.0,-38916.0,208.8,-223.8
437.0,-14.8,-38906.0,208.4,-223.2
438.0,-14.6,-38896.0,208.0,-222.6
439.0,-14.5,-38887.0,207.6,-222.1
440.0,-14.4,-38877.0,207.2,-221.6
441.0,-14.3,-38867.0,206.8,-221.1
442.0,-14.2,-38857.0,206.4,-220.6
443.0,-14.1,-38848.0,206.0,-220.1
444.0,-14.0,-38838.0,205.6,-219.6
445.0,-14.0,-38828.0,205.2,-219.2
446.0,-14.2,-38818.0,204.9,-219.1
447.0,-14.4,-38809.0,204.5,-218.9
448.0,-14.8,-38799.0,204.1,-218.9
449.0,-15.2,-38789.0,203.7,-218.9
450.0,-15.5,-38779.0,203.3,-218.8
451.0,-15.8,-38768.0,202.9,-218.7
452.0,-16.1,-38757.0,202.4,-218.5
453.0,-16.2,-38746.0,202.0,-218.2
454.0,-16.2,-38735.0,201.5,-217.7
455.0,-16.2,-38724.0,201.1,-217.3
456.0,-16.2,-38713.0,200.6,-216.8
457.0,-16.3,-38702.0,200.2,-216.5
458.0,-16.4,-38691.0,199.8,-216.2
459.0,-16.6,-38680.0,199.3,-215.9
460.0,-16.9,-38669.0,198.9,-215.8
461.0,-17.3,-38658.0,198.4,-215.7
462.0,-17.7,-38646.0,198.0,-215.7
463.0,-18.1,-38635.0,197.5,-215.6
464.0,-18.5,-38624.0,197.1,-215.6
465.0,-18.9,-38613.0,196.7,-215.6
466.0,-19.2,-38602.0,196.2,-215.4
467.0,-19.6,-38591.0,195.8,-215.4
468.0,-19.9,-38580.0,195.3,-215.2
469.0,-20.1,-38569.0,194.9,-215.0
470.0,-20.4,-38558.0,194.4,-214.8
471.0,-20.5,-38547.0,194.0,-214.5
472.0,-20.5,-38536.0,193.6,-214.1
473.0,-20.4,-38525.0,193.1,-213.5
474.0,-20.2,-38514.0,192.7,-212.9
475.0,-19.9,-38502.0,192.2,-212.1
476.0,-19.6,-38491.0,191.8,-211.4
477.0,-19.2,-38480.0,191.3,-210.5
478.0,-18.9,-38469.0,190.9,-209.8
479.0,-18.6,-38458.0,190.5,-209.1
480.0,-18.4,-38447.0,190.0,-208.4
481.0,-18.3,-38436.0,189.6,-207.9
482.0,-18.2,-38425.0,189.1,-207.3
483.0,-18.3,-38414.0,188.7,-207.0
484.0,-18.4,-38403.0,188.2,-206.6
485.0,-18.5,-38392.0,187.8,-206.3
486.0,-18.6,-38381.0,187.4,-206.0
487.0,-18.7,-38370.0,186.9,-205.6
488.0,-18.9,-38359.0,186.5,-205.4
489.0,-19.0,-38347.0,186.0,-205.0
490.0,-19.2,-38336.0,185.6,-204.8
491.0,-19.4,-38325.0,185.1,-204.5
492.0,-19.7,-38314.0,184.7,-204.4
493.0,-20.0,-38303.0,184.3,-204.3
494.0,-20.4,-38292.0,183.8,-204.2
495.0,-20.8,-38281.0,183.4,-204.2
496.0,-21.2,-38270.0,182.9,-204.1
497.0,-21.7,-38259.0,182.5,-204.2
498.0,-22.1,-38248.0,182.0,-204.1
499.0,-22.5,-38237.0,181.6,-204.1
500.0,-22.9,-38226.0,181.2,-204.1
501.0,-23.2,-38215.0,180.7,-203.9
502.0,-23.5,-38204.0,180.3,-203.8
503.0,-23.6,-38192.0,179.8,-203.4
504.0,-23.8,-38181.0,179.4,-203.2
505.0,-23.9,-38170.0,178.9,-202.8
506.0,-23.9,-38159.0,178.5,-202.4
507.0,-23.9,-38148.0,178.1,-202.0
508.0,-23.8,-38137.0,177.6,-201.4
509.0,-23.8,-38126.0,177.2,-201.0
510.0,-23.8,-38115.0,176.7,-200.5
511.0,-23.8,-38104.0,176.3,-200.1
512.0,-23.8,-38093.0,175.8,-199.6
513.0,-23.9,-38082.0,175.4,-199.3
514.0,-24.1,-38071.0,174.9,-199.0
515.0,-24.4,-38059.0,174.5,-198.9
516.0,-24.7,-38048.0,174.1,-198.8
517.0,-25.1,-38037.0,173.6,-198.7
518.0,-25.4,-38026.0,173.2,-198.6
519.0,-25.8,-38015.0,172.7,-198.5
520.0,-26.0,-38004.0,172.3,-198.3
521.0,-26.3,-37993.0,171.8,-198.1
522.0,-26.5,-37982.0,171.4,-197.9
523.0,-26.6,-37971.0,171.0,-197.6
524.0,-26.7,-37960.0,170.5,-197.2
525.0,-26.7,-37949.0,170.1,-196.8
526.0,-26.7,-37938.0,169.6,-196.3
527.0,-26.7,-37927.0,169.2,-195.9
528.0,-26.7,-37915.0,168.7,-195.4
529.0,-26.6,-37904.0,168.3,-194.9
530.0,-26.5,-37893.0,167.9,-194.4
531.0,-26.3,-37882.0,167.4,-193.7
532.0,-26.1,-37871.0,167.0,-193.1
533.0,-25.9,-37860.0,166.5,-192.4
534.0,-25.7,-37849.0,166.1,-191.8
535.0,-25.4,-37838.0,165.6,-191.0
536.0,-25.1,-37827.0,165.2,-190.3
537.0,-24.9,-37816.0,164.8,-189.7
538.0,-24.6,-37805.0,164.3,-188.9
539.0,-24.3,-37794.0,163.9,-188.2
540.0,-24.0,-37782.0,163.4,-187.4
541.0,-23.8,-37771.0,163.0,-186.8
542.0,-23.5,-37760.0,162.5,-186.0
543.0,-23.2,-37749.0,162.1,-185.3
544.0,-23.0,-37738.0,161.7,-184.7
545.0,-22.7,-37727.0,161.2,-183.9
546.0,-22.4,-37716.0,160.8,-183.2
547.0,-22.2,-37705.0,160.3,-182.5
548.0,-22.0,-37694.0,159.9,-181.9
549.0,-21.8,-37683.0,159.4,-181.2
550.0,-21.7,-37672.0,159.0,-180.7
551.0,-21.6,-37661.0,158.6,-180.2
552.0,-21.6,-37651.0,158.2,-179.8
553.0,-21.6,-37640.0,157.7,-179.3
554.0,-21.6,-37630.0,157.3,-178.9
555.0,-21.7,-37619.0,156.9,-178.6
556.0,-21.7,-37609.0,156.5,-178.2
557.0,-21.8,-37599.0,156.1,-177.9
558.0,-21.8,-37588.0,155.6,-177.4
559.0,-21.8,-37578.0,155.2,-177.0
560.0,-21.8,-37567.0,154.8,-176.6
561.0,-21.7,-37557.0,154.4,-176.1
562.0,-21.7,-37546.0,154.0,-175.7
563.0,-21.6,-37536.0,153.6,-175.2
564.0,-21.5,-37525.0,153.1,-174.6
565.0,-21.4,-37515.0,152.7,-174.1
566.0,-21.2,-37505.0,152.3,-173.5
567.0,-21.1,-37494.0,151.9,-173.0
568.0,-21.0,-37484.0,151.5,-172.5
569.0,-20.9,-37473.0,151.1,-172.0
570.0,-20.8,-37463.0,150.6,-171.4
571.0,-20.7,-37452.0,150.2,-170.9
572.0,-20.6,-37442.0,149.8,-170.4
573.0,-20.5,-37432.0,149.4,-169.9
574.0,-20.4,-37421.0,149.0,-169.4
575.0,-20.4,-37411.0,148.6,-169.0
576.0,-20.3,-37400.0,148.1,-168.4
577.0,-20.3,-37390.0,147.7,-168.0
578.0,-20.3,-37379.0,147.3,-167.6
579.0,-20.3,-37369.0,146.9,-167.2
580.0,-20.3,-37358.0,146.5,-166.8
581.0,-20.4,-37348.0,146.0,-166.4
582.0,-20.4,-37338.0,145.6,-166.0
583.0,-20.5,-37327.0,145.2,-165.7
584.0,-20.5,-37317.0,144.8,-165.3
585.0,-20.6,-37306.0,144.4,-165.0
586.0,-20.6,-37296.0,144.0,-164.6
587.0,-20.6,-37285.0,143.5,-164.1
588.0,-20.7,-37275.0,143.1,-163.8
589.0,-20.7,-37264.0,142.7,-163.4
590.0,-20.7,-37254.0,142.3,-163.0
591.0,-20.7,-37244.0,141.9,-162.6
592.0,-20.7,-37233.0,141.5,-162.2
593.0,-20.7,-37223.0,141.0,-161.7
594.0,-20.6,-37212.0,140.6,-161.2
595.0,-20.5,-37202.0,140.2,-160.7
596.0,-20.4,-37191.0,139.8,-160.2
597.0,-20.3,-37181.0,139.4,-159.7
598.0,-20.1,-37171.0,138.9,-159.0
599.0,-19.8,-37160.0,138.5,-158.3
600.0,-19.5,-37150.0,138.1,-157.6
601.0,-19.2,-37141.0,137.8,-157.0
602.0,-18.9,-37133.0,137.4,-156.3
603.0,-18.5,-37124.0,137.1,-155.6
604.0,-18.1,-37115.0,136.7,-154.8
605.0,-17.7,-37107.0,136.4,-154.1
606.0,-17.4,-37098.0,136.1,-153.5
607.0,-17.1,-37090.0,135.7,-152.8
608.0,-16.8,-37081.0,135.4,-152.2
609.0,-16.6,-37073.0,135.0,-151.6
610.0,-16.5,-37064.0,134.7,-151.2
611.0,-16.4,-37056.0,134.3,-150.7
612.0,-16.5,-37047.0,134.0,-150.5
613.0,-16.5,-37039.0,133.7,-150.2
614.0,-16.7,-37030.0,133.3,-150.0
615.0,-16.8,-37021.0,133.0,-149.8
616.0,-17.1,-37013.0,132.6,-149.7
617.0,-17.3,-37004.0,132.3,-149.6
618.0,-17.6,-36996.0,132.0,-149.6
619.0,-17.8,-36987.0,131.6,-149.4
620.0,-18.1,-36979.0,131.3,-149.4
621.0,-18.4,-36970.0,130.9,-149.3
622.0,-18.7,-36962.0,130.6,-149.3
623.0,-19.0,-36953.0,130.2,-149.2
624.0,-19.3,-36945.0,129.9,-149.2
625.0,-19.6,-36936.0,129.6,-149.2
626.0,-19.9,-36927.0,129.2,-149.1
627.0,-20.2,-36919.0,128.9,-149.1
628.0,-20.5,-36910.0,128.5,-149.0
629.0,-20.8,-36902.0,128.2,-149.0
630.0,-21.0,-36893.0,127.9,-148.9
631.0,-21.1,-36885.0,127.5,-148.6
632.0,-21.2,-36876.0,127.2,-148.4
633.0,-21.3,-36868.0,126.8,-148.1
634.0,-21.3,-36859.0,126.5,-147.8
635.0,-21.2,-36850.0,126.1,-147.3
636.0,-21.0,-36842.0,125.8,-146.8
637.0,-20.9,-36833.0,125.5,-146.4
638.0,-20.6,-36825.0,125.1,-145.7
639.0,-20.4,-36816.0,124.8,-145.2
640.0,-20.1,-36808.0,124.4,-144.5
641.0,-19.8,-36799.0,124.1,-143.9
642.0,-19.4,-36791.0,123.8,-143.2
643.0,-19.1,-36782.0,123.4,-142.5
644.0,-18.7,-36774.0,123.1,-141.8
645.0,-18.4,-36765.0,122.7,-141.1
646.0,-18.0,-36756.0,122.4,-140.4
647.0,-17.6,-36748.0,122.0,-139.6
648.0,-17.2,-36739.0,121.7,-138.9
649.0,-16.8,-36731.0,121.4,-138.2
650.0,-16.3,-36722.0,121.0,-137.3
651.0,-15.9,-36717.0,120.8,-136.7
652.0,-15.5,-36712.0,120.6,-136.1
653.0,-15.1,-36707.0,120.4,-135.5
654.0,-14.7,-36701.0,120.2,-134.9
655.0,-14.2,-36696.0,120.0,-134.2
656.0,-13.8,-36691.0,119.8,-133.6
657.0,-13.4,-36686.0,119.5,-132.9
658.0,-13.0,-36680.0,119.3,-132.3
659.0,-12.6,-36675.0,119.1,-131.7
660.0,-12.3,-36670.0,118.9,-131.2
661.0,-11.9,-36665.0,118.7,-130.6
662.0,-11.5,-36659.0,118.5,-130.0
663.0,-11.2,-36654.0,118.3,-129.5
664.0,-10.9,-36649.0,118.1,-129.0
665.0,-10.5,-36644.0,117.9,-128.4
666.0,-10.3,-36638.0,117.7,-128.0
667.0,-10.0,-36633.0,117.4,-127.4
668.0,-9.7,-36628.0,117.2,-126.9
669.0,-9.5,-36623.0,117.0,-126.5
670.0,-9.2,-36617.0,116.8,-126.0
671.0,-9.0,-36612.0,116.6,-125.6
672.0,-8.8,-36607.0,116.4,-125.2
673.0,-8.6,-36602.0,116.2,-124.8
674.0,-8.5,-36596.0,116.0,-124.5
675.0,-8.3,-36591.0,115.8,-124.1
676.0,-8.2,-36586.0,115.6,-123.8
677.0,-8.0,-36581.0,115.3,-123.3
678.0,-7.9,-36575.0,115.1,-123.0
679.0,-7.7,-36570.0,114.9,-122.6
680.0,-7.6,-36565.0,114.7,-122.3
681.0,-7.5,-36560.0,114.5,-122.0
682.0,-7.4,-36554.0,114.3,-121.7
683.0,-7.3,-36549.0,114.1,-121.4
684.0,-7.2,-36544.0,113.9,-121.1
685.0,-7.1,-36539.0,113.7,-120.8
686.0,-7.0,-36533.0,113.5,-120.5
687.0,-6.9,-36528.0,113.2,-120.1
688.0,-6.8,-36523.0,113.0,-119.8
689.0,-6.7,-36518.0,112.8,-119.5
690.0,-6.7,-36512.0,112.6,-119.3
691.0,-6.6,-36507.0,112.4,-119.0
692.0,-6.6,-36502.0,112.2,-118.8
693.0,-6.7,-36497.0,112.0,-118.7
694.0,-6.9,-36491.0,111.8,-118.7
695.0,-7.1,-36486.0,111.6,-118.7
696.0,-7.5,-36481.0,111.4,-118.9
697.0,-7.8,-36476.0,111.1,-118.9
698.0,-8.1,-36470.0,110.9,-119.0
699.0,-8.4,-36465.0,110.7,-119.1
700.0,-8.6,-36460.0,110.5,-119.1
701.0,-8.6,-36458.0,110.4,-119.0
702.0,-8.5,-36456.0,110.4,-118.9
703.0,-8.3,-36455.0,110.3,-118.6
704.0,-7.9,-36453.0,110.2,-118.1
705.0,-7.4,-36451.0,110.2,-117.6
706.0,-6.9,-36449.0,110.1,-117.0
707.0,-6.4,-36448.0,110.0,-116.4
708.0,-5.9,-36446.0,110.0,-115.9
709.0,-5.7,-36444.0,109.9,-115.6
710.0,-5.7,-36442.0,109.8,-115.5
711.0,-5.9,-36440.0,109.7,-115.6
712.0,-6.2,-36439.0,109.7,-115.9
713.0,-6.4,-36437.0,109.6,-116.0
714.0,-6.6,-36435.0,109.5,-116.1
715.0,-6.8,-36433.0,109.5,-116.3
716.0,-6.8,-36432.0,109.4,-116.2
717.0,-6.9,-36430.0,109.3,-116.2
718.0,-7.0,-36428.0,109.3,-116.3
719.0,-7.1,-36426.0,109.2,-116.3
720.0,-7.2,-36425.0,109.1,-116.3
721.0,-7.4,-36423.0,109.0,-116.4
722.0,-7.7,-36421.0,109.0,-116.7
723.0,-8.1,-36419.0,108.9,-117.0
724.0,-8.5,-36418.0,108.8,-117.3
725.0,-8.9,-36416.0,108.8,-117.7
726.0,-9.2,-36414.0,108.7,-117.9
727.0,-9.4,-36412.0,108.6,-118.0
728.0,-9.6,-36411.0,108.6,-118.2
729.0,-9.7,-36409.0,108.5,-118.2
730.0,-9.8,-36407.0,108.4,-118.2
731.0,-9.8,-36405.0,108.3,-118.1
732.0,-9.9,-36404.0,108.3,-118.2
733.0,-10.0,-36402.0,108.2,-118.2
734.0,-10.1,-36400.0,108.1,-118.2
735.0,-10.2,-36398.0,108.1,-118.3
736.0,-10.4,-36397.0,108.0,-118.4
737.0,-10.7,-36395.0,107.9,-118.6
738.0,-11.1,-36393.0,107.8,-118.9
739.0,-11.7,-36391.0,107.8,-119.5
740.0,-12.3,-36390.0,107.7,-120.0
741.0,-12.9,-36388.0,107.6,-120.5
742.0,-13.6,-36386.0,107.6,-121.2
743.0,-14.2,-36384.0,107.5,-121.7
744.0,-14.7,-36383.0,107.4,-122.1
745.0,-15.2,-36381.0,107.4,-122.6
746.0,-15.5,-36379.0,107.3,-122.8
747.0,-15.8,-36377.0,107.2,-123.0
748.0,-16.1,-36376.0,107.1,-123.2
749.0,-16.3,-36374.0,107.1,-123.4
750.0,-16.6,-36372.0,107.0,-123.6
751.0,-17.0,-36373.0,107.0,-124.0
752.0,-17.3,-36373.0,107.1,-124.4
753.0,-17.7,-36374.0,107.1,-124.8
754.0,-18.1,-36374.0,107.1,-125.2
755.0,-18.3,-36375.0,107.1,-125.4
756.0,-18.3,-36376.0,107.2,-125.5
757.0,-18.0,-36376.0,107.2,-125.2
758.0,-17.5,-36377.0,107.2,-124.7
759.0,-17.0,-36378.0,107.2,-124.2
760.0,-16.5,-36378.0,107.3,-123.8
761.0,-16.1,-36379.0,107.3,-123.4
762.0,-16.0,-36379.0,107.3,-123.3
763.0,-16.0,-36380.0,107.3,-123.3
764.0,-16.3,-36381.0,107.3,-123.6
765.0,-16.8,-36381.0,107.4,-124.2
766.0,-17.3,-36382.0,107.4,-124.7
767.0,-18.0,-36382.0,107.4,-125.4
768.0,-18.6,-36383.0,107.4,-126.0
769.0,-19.0,-36384.0,107.5,-126.5
770.0,-19.1,-36384.0,107.5,-126.6
771.0,-18.9,-36385.0,107.5,-126.4
772.0,-17.8,-36385.0,107.5,-125.3
773.0,-15.5,-36386.0,107.6,-123.1
774.0,-11.8,-36387.0,107.6,-119.4
775.0,-7.6,-36387.0,107.6,-115.2
776.0,-4.7,-36388.0,107.6,-112.3
777.0,-3.2,-36389.0,107.7,-110.9
778.0,-3.1,-36389.0,107.7,-110.8
779.0,-3.7,-36390.0,107.7,-111.4
780.0,-4.6,-36390.0,107.7,-112.3
781.0,-5.4,-36391.0,107.8,-113.2
782.0,-5.9,-36392.0,107.8,-113.7
783.0,-6.4,-36392.0,107.8,-114.2
784.0,-6.8,-36393.0,107.8,-114.6
785.0,-7.3,-36393.0,107.9,-115.2
786.0,-7.8,-36394.0,107.9,-115.7
787.0,-8.5,-36395.0,107.9,-116.4
788.0,-9.3,-36395.0,107.9,-117.2
789.0,-10.3,-36396.0,108.0,-118.3
790.0,-11.1,-36396.0,108.0,-119.1
791.0,-11.9,-36397.0,108.0,-119.9
792.0,-12.5,-36398.0,108.0,-120.5
793.0,-12.8,-36398.0,108.1,-120.9
794.0,-13.0,-36399.0,108.1,-121.1
795.0,-13.0,-36399.0,108.1,-121.1
796.0,-13.0,-36400.0,108.1,-121.1
797.0,-12.9,-36401.0,108.2,-121.1
798.0,-12.8,-36401.0,108.2,-121.0
799.0,-12.7,-36402.0,108.2,-120.9
800.0,-12.7,-36403.0,108.2,-120.9
801.0,-12.8,-36404.0,108.3,-121.1
802.0,-12.8,-36405.0,108.3,-121.1
803.0,-12.9,-36407.0,108.4,-121.3
804.0,-12.9,-36408.0,108.4,-121.3
805.0,-13.0,-36409.0,108.5,-121.5
806.0,-13.0,-36411.0,108.5,-121.5
807.0,-13.1,-36412.0,108.6,-121.7
808.0,-13.2,-36413.0,108.7,-121.9
809.0,-13.4,-36415.0,108.7,-122.1
810.0,-13.7,-36416.0,108.8,-122.5
811.0,-14.0,-36417.0,108.8,-122.8
812.0,-14.3,-36419.0,108.9,-123.2
813.0,-14.6,-36420.0,108.9,-123.5
814.0,-14.8,-36421.0,109.0,-123.8
815.0,-15.0,-36423.0,109.0,-124.0
816.0,-15.0,-36424.0,109.1,-124.1
817.0,-15.1,-36425.0,109.1,-124.2
818.0,-15.0,-36427.0,109.2,-124.2
819.0,-15.0,-36428.0,109.2,-124.2
820.0,-14.9,-36429.0,109.3,-124.2
821.0,-14.8,-36431.0,109.4,-124.2
822.0,-14.6,-36432.0,109.4,-124.0
823.0,-14.5,-36433.0,109.5,-124.0
824.0,-14.3,-36435.0,109.5,-123.8
825.0,-14.1,-36436.0,109.6,-123.7
826.0,-14.0,-36437.0,109.6,-123.6
827.0,-13.8,-36439.0,109.7,-123.5
828.0,-13.6,-36440.0,109.7,-123.3
829.0,-13.5,-36441.0,109.8,-123.3
830.0,-13.4,-36443.0,109.8,-123.2
831.0,-13.3,-36444.0,109.9,-123.2
832.0,-13.2,-36445.0,109.9,-123.1
833.0,-13.2,-36447.0,110.0,-123.2
834.0,-13.2,-36448.0,110.0,-123.2
835.0,-13.2,-36449.0,110.1,-123.3
836.0,-13.2,-36451.0,110.2,-123.4
837.0,-13.3,-36452.0,110.2,-123.5
838.0,-13.3,-36453.0,110.3,-123.6
839.0,-13.4,-36455.0,110.3,-123.7
840.0,-13.6,-36456.0,110.4,-124.0
841.0,-13.7,-36457.0,110.4,-124.1
842.0,-13.8,-36459.0,110.5,-124.3
843.0,-14.0,-36460.0,110.5,-124.5
844.0,-14.2,-36461.0,110.6,-124.8
845.0,-14.4,-36463.0,110.6,-125.0
846.0,-14.6,-36464.0,110.7,-125.3
847.0,-14.8,-36465.0,110.7,-125.5
848.0,-15.0,-36467.0,110.8,-125.8
849.0,-15.2,-36468.0,110.8,-126.0
850.0,-15.4,-36469.0,110.9,-126.3
851.0,-15.6,-36470.0,110.9,-126.5
852.0,-15.9,-36470.0,110.9,-126.8
853.0,-16.1,-36471.0,111.0,-127.1
854.0,-16.3,-36471.0,111.0,-127.3
855.0,-16.5,-36472.0,111.0,-127.5
856.0,-16.7,-36472.0,111.0,-127.7
857.0,-16.9,-36472.0,111.0,-127.9
858.0,-17.1,-36473.0,111.0,-128.1
859.0,-17.3,-36473.0,111.1,-128.4
860.0,-17.5,-36474.0,111.1,-128.6
861.0,-17.7,-36474.0,111.1,-128.8
862.0,-17.9,-36474.0,111.1,-129.0
863.0,-18.0,-36475.0,111.1,-129.1
864.0,-18.1,-36475.0,111.1,-129.2
865.0,-18.3,-36476.0,111.2,-129.5
866.0,-18.4,-36476.0,111.2,-129.6
867.0,-18.5,-36477.0,111.2,-129.7
868.0,-18.5,-36477.0,111.2,-129.7
869.0,-18.6,-36477.0,111.2,-129.8
870.0,-18.6,-36478.0,111.2,-129.8
871.0,-18.7,-36478.0,111.3,-130.0
872.0,-18.6,-36479.0,111.3,-129.9
873.0,-18.6,-36479.0,111.3,-129.9
874.0,-18.6,-36479.0,111.3,-129.9
875.0,-18.5,-36480.0,111.3,-129.8
876.0,-18.4,-36480.0,111.3,-129.7
877.0,-18.3,-36481.0,111.4,-129.7
878.0,-18.1,-36481.0,111.4,-129.5
879.0,-17.9,-36482.0,111.4,-129.3
880.0,-17.7,-36482.0,111.4,-129.1
881.0,-17.5,-36482.0,111.4,-128.9
882.0,-17.2,-36483.0,111.4,-128.6
883.0,-16.9,-36483.0,111.5,-128.4
884.0,-16.6,-36484.0,111.5,-128.1
885.0,-16.3,-36484.0,111.5,-127.8
886.0,-15.9,-36485.0,111.5,-127.4
887.0,-15.5,-36485.0,111.5,-127.0
888.0,-15.2,-36485.0,111.5,-126.7
889.0,-14.8,-36486.0,111.6,-126.4
890.0,-14.4,-36486.0,111.6,-126.0
891.0,-14.0,-36487.0,111.6,-125.6
892.0,-13.7,-36487.0,111.6,-125.3
893.0,-13.3,-36487.0,111.6,-124.9
894.0,-13.0,-36488.0,111.6,-124.6
895.0,-12.6,-36488.0,111.7,-124.3
896.0,-12.3,-36489.0,111.7,-124.0
897.0,-12.0,-36489.0,111.7,-123.7
898.0,-11.7,-36490.0,111.7,-123.4
899.0,-11.5,-36490.0,111.7,-123.2
900.0,-11.2,-36490.0,111.7,-122.9
901.0,-11.1,-36490.0,111.7,-122.8
902.0,-10.9,-36490.0,111.7,-122.6
903.0,-10.8,-36489.0,111.7,-122.5
904.0,-10.7,-36489.0,111.7,-122.4
905.0,-10.7,-36488.0,111.7,-122.4
906.0,-10.7,-36488.0,111.6,-122.3
907.0,-10.8,-36488.0,111.6,-122.4
908.0,-10.9,-36487.0,111.6,-122.5
909.0,-11.1,-36487.0,111.6,-122.7
910.0,-11.3,-36486.0,111.6,-122.9
911.0,-11.5,-36486.0,111.6,-123.1
912.0,-11.7,-36486.0,111.6,-123.3
913.0,-12.0,-36485.0,111.5,-123.5
914.0,-12.3,-36485.0,111.5,-123.8
915.0,-12.6,-36485.0,111.5,-124.1
916.0,-13.0,-36484.0,111.5,-124.5
917.0,-13.3,-36484.0,111.5,-124.8
918.0,-13.7,-36483.0,111.5,-125.2
919.0,-14.1,-36483.0,111.4,-125.5
920.0,-14.5,-36483.0,111.4,-125.9
921.0,-14.8,-36482.0,111.4,-126.2
922.0,-15.2,-36482.0,111.4,-126.6
923.0,-15.6,-36481.0,111.4,-127.0
924.0,-16.0,-36481.0,111.4,-127.4
925.0,-16.3,-36481.0,111.4,-127.7
926.0,-16.7,-36480.0,111.3,-128.0
927.0,-17.0,-36480.0,111.3,-128.3
928.0,-17.3,-36479.0,111.3,-128.6
929.0,-17.6,-36479.0,111.3,-128.9
930.0,-17.9,-36479.0,111.3,-129.2
931.0,-18.1,-36478.0,111.3,-129.4
932.0,-18.3,-36478.0,111.2,-129.5
933.0,-18.5,-36478.0,111.2,-129.7
934.0,-18.7,-36477.0,111.2,-129.9
935.0,-18.8,-36477.0,111.2,-130.0
936.0,-19.0,-36476.0,111.2,-130.2
937.0,-19.1,-36476.0,111.2,-130.3
938.0,-19.1,-36476.0,111.1,-130.2
939.0,-19.2,-36475.0,111.1,-130.3
940.0,-19.3,-36475.0,111.1,-130.4
941.0,-19.3,-36474.0,111.1,-130.4
942.0,-19.3,-36474.0,111.1,-130.4
943.0,-19.3,-36474.0,111.1,-130.4
944.0,-19.3,-36473.0,111.1,-130.4
945.0,-19.3,-36473.0,111.0,-130.3
946.0,-19.3,-36472.0,111.0,-130.3
947.0,-19.2,-36472.0,111.0,-130.2
948.0,-19.2,-36472.0,111.0,-130.2
949.0,-19.1,-36471.0,111.0,-130.1
950.0,-19.1,-36471.0,111.0,-130.1
951.0,-19.0,-36470.0,110.9,-129.9
952.0,-19.0,-36470.0,110.9,-129.9
953.0,-18.9,-36469.0,110.9,-129.8
954.0,-18.8,-36469.0,110.9,-129.7
955.0,-18.8,-36468.0,110.9,-129.7
956.0,-18.7,-36468.0,110.8,-129.5
957.0,-18.7,-36467.0,110.8,-129.5
958.0,-18.7,-36467.0,110.8,-129.5
959.0,-18.7,-36466.0,110.8,-129.5
960.0,-18.7,-36466.0,110.8,-129.5
961.0,-18.7,-36465.0,110.7,-129.4
962.0,-18.8,-36465.0,110.7,-129.5
963.0,-18.9,-36464.0,110.7,-129.6
964.0,-19.0,-36464.0,110.7,-129.7
965.0,-19.2,-36463.0,110.6,-129.8
966.0,-19.4,-36462.0,110.6,-130.0
967.0,-19.6,-36462.0,110.6,-130.2
968.0,-19.9,-36461.0,110.6,-130.5
969.0,-20.3,-36461.0,110.6,-130.9
970.0,-20.5,-36460.0,110.5,-131.0
971.0,-20.7,-36460.0,110.5,-131.2
972.0,-20.7,-36459.0,110.5,-131.2
973.0,-20.5,-36459.0,110.5,-131.0
974.0,-20.3,-36458.0,110.5,-130.8
975.0,-19.9,-36458.0,110.4,-130.3
976.0,-19.5,-36457.0,110.4,-129.9
977.0,-19.0,-36457.0,110.4,-129.4
978.0,-18.7,-36456.0,110.4,-129.1
979.0,-18.4,-36456.0,110.4,-128.8
980.0,-18.3,-36455.0,110.3,-128.6
981.0,-18.4,-36455.0,110.3,-128.7
982.0,-18.6,-36454.0,110.3,-128.9
983.0,-18.9,-36454.0,110.3,-129.2
984.0,-19.2,-36453.0,110.2,-129.4
985.0,-19.4,-36453.0,110.2,-129.6
986.0,-19.7,-36452.0,110.2,-129.9
987.0,-19.8,-36451.0,110.2,-130.0
988.0,-19.9,-36451.0,110.2,-130.1
989.0,-19.8,-36450.0,110.1,-129.9
990.0,-19.4,-36450.0,110.1,-129.5
991.0,-18.9,-36449.0,110.1,-129.0
992.0,-18.0,-36449.0,110.1,-128.1
993.0,-16.8,-36448.0,110.1,-126.9
994.0,-15.4,-36448.0,110.0,-125.4
995.0,-14.2,-36447.0,110.0,-124.2
996.0,-13.3,-36447.0,110.0,-123.3
997.0,-12.8,-36446.0,110.0,-122.8
998.0,-12.6,-36446.0,110.0,-122.6
999.0,-12.7,-36445.0,109.9,-122.6
1000.0,-13.0,-36445.0,109.9,-122.9
1001.0,-13.4,-36443.0,109.9,-123.3
1002.0,-13.8,-36442.0,109.8,-123.6
1003.0,-14.3,-36441.0,109.7,-124.0
1004.0,-14.9,-36439.0,109.7,-124.6
1005.0,-15.5,-36438.0,109.6,-125.1
1006.0,-16.0,-36437.0,109.6,-125.6
1007.0,-16.5,-36435.0,109.5,-126.0
1008.0,-16.8,-36434.0,109.5,-126.3
1009.0,-17.0,-36432.0,109.4,-126.4
1010.0,-17.0,-36431.0,109.4,-126.4
1011.0,-17.0,-36430.0,109.3,-126.3
1012.0,-17.0,-36428.0,109.3,-126.3
1013.0,-16.9,-36427.0,109.2,-126.1
1014.0,-17.0,-36426.0,109.2,-126.2
1015.0,-17.0,-36424.0,109.1,-126.1
1016.0,-17.0,-36423.0,109.0,-126.0
1017.0,-17.0,-36422.0,109.0,-126.0
1018.0,-16.9,-36420.0,108.9,-125.8
1019.0,-16.6,-36419.0,108.9,-125.5
1020.0,-16.2,-36418.0,108.8,-125.0
1021.0,-15.7,-36416.0,108.8,-124.5
1022.0,-15.2,-36415.0,108.7,-123.9
1023.0,-14.6,-36414.0,108.7,-123.3
1024.0,-14.1,-36412.0,108.6,-122.7
1025.0,-13.7,-36411.0,108.6,-122.3
1026.0,-13.3,-36409.0,108.5,-121.8
1027.0,-13.0,-36408.0,108.4,-121.4
1028.0,-12.7,-36407.0,108.4,-121.1
1029.0,-12.4,-36405.0,108.3,-120.7
1030.0,-12.1,-36404.0,108.3,-120.4
1031.0,-11.7,-36403.0,108.2,-119.9
1032.0,-11.4,-36401.0,108.2,-119.6
1033.0,-11.0,-36400.0,108.1,-119.1
1034.0,-10.6,-36399.0,108.1,-118.7
1035.0,-10.3,-36397.0,108.0,-118.3
1036.0,-10.0,-36396.0,108.0,-118.0
1037.0,-9.7,-36395.0,107.9,-117.6
1038.0,-9.5,-36393.0,107.9,-117.4
1039.0,-9.3,-36392.0,107.8,-117.1
1040.0,-9.2,-36391.0,107.7,-116.9
1041.0,-9.1,-36389.0,107.7,-116.8
1042.0,-9.1,-36388.0,107.6,-116.7
1043.0,-9.1,-36386.0,107.6,-116.7
1044.0,-9.1,-36385.0,107.5,-116.6
1045.0,-9.0,-36384.0,107.5,-116.5
1046.0,-8.9,-36382.0,107.4,-116.3
1047.0,-8.7,-36381.0,107.4,-116.1
1048.0,-8.4,-36380.0,107.3,-115.7
1049.0,-8.1,-36378.0,107.3,-115.4
1050.0,-7.6,-36377.0,107.2,-114.8
1051.0,-7.1,-36374.0,107.1,-114.2
1052.0,-6.6,-36371.0,107.0,-113.6
1053.0,-6.1,-36368.0,106.8,-112.9
1054.0,-5.8,-36365.0,106.7,-112.5
1055.0,-5.6,-36362.0,106.6,-112.2
1056.0,-5.6,-36359.0,106.5,-112.1
1057.0,-5.9,-36356.0,106.3,-112.2
1058.0,-6.2,-36353.0,106.2,-112.4
1059.0,-6.5,-36349.0,106.1,-112.6
1060.0,-6.8,-36346.0,106.0,-112.8
1061.0,-7.1,-36343.0,105.9,-113.0
1062.0,-7.3,-36340.0,105.7,-113.0
1063.0,-7.5,-36337.0,105.6,-113.1
1064.0,-7.6,-36334.0,105.5,-113.1
1065.0,-7.7,-36331.0,105.4,-113.1
1066.0,-7.8,-36328.0,105.2,-113.0
1067.0,-7.9,-36325.0,105.1,-113.0
1068.0,-7.9,-36322.0,105.0,-112.9
1069.0,-8.0,-36319.0,104.9,-112.9
1070.0,-8.2,-36316.0,104.8,-113.0
1071.0,-8.3,-36313.0,104.6,-112.9
1072.0,-8.4,-36310.0,104.5,-112.9
1073.0,-8.5,-36307.0,104.4,-112.9
1074.0,-8.6,-36304.0,104.3,-112.9
1075.0,-8.8,-36301.0,104.1,-112.9
1076.0,-9.0,-36298.0,104.0,-113.0
1077.0,-9.3,-36294.0,103.9,-113.2
1078.0,-9.8,-36291.0,103.8,-113.6
1079.0,-10.4,-36288.0,103.7,-114.1
1080.0,-11.0,-36285.0,103.5,-114.5
1081.0,-11.7,-36282.0,103.4,-115.1
1082.0,-12.3,-36279.0,103.3,-115.6
1083.0,-12.9,-36276.0,103.2,-116.1
1084.0,-13.4,-36273.0,103.0,-116.4
1085.0,-13.8,-36270.0,102.9,-116.7
1086.0,-14.2,-36267.0,102.8,-117.0
1087.0,-14.5,-36264.0,102.7,-117.2
1088.0,-14.7,-36261.0,102.6,-117.3
1089.0,-14.9,-36258.0,102.4,-117.3
1090.0,-15.0,-36255.0,102.3,-117.3
1091.0,-15.0,-36252.0,102.2,-117.2
1092.0,-14.9,-36249.0,102.1,-117.0
1093.0,-14.8,-36246.0,101.9,-116.7
1094.0,-14.6,-36243.0,101.8,-116.4
1095.0,-14.4,-36239.0,101.7,-116.1
1096.0,-14.3,-36236.0,101.6,-115.9
1097.0,-14.2,-36233.0,101.5,-115.7
1098.0,-14.3,-36230.0,101.3,-115.6
1099.0,-14.4,-36227.0,101.2,-115.6
1100.0,-14.6,-36224.0,101.1,-115.7
1101.0,-14.8,-36219.0,100.9,-115.7
1102.0,-15.2,-36214.0,100.7,-115.9
1103.0,-15.5,-36209.0,100.5,-116.0
1104.0,-15.9,-36204.0,100.3,-116.2
1105.0,-16.3,-36199.0,100.1,-116.4
1106.0,-16.7,-36194.0,99.9,-116.6
1107.0,-17.1,-36188.0,99.7,-116.8
1108.0,-17.4,-36183.0,99.5,-116.9
1109.0,-17.6,-36178.0,99.3,-116.9
1110.0,-17.8,-36173.0,99.1,-116.9
1111.0,-18.0,-36168.0,98.8,-116.8
1112.0,-18.1,-36163.0,98.6,-116.7
1113.0,-18.1,-36158.0,98.4,-116.5
1114.0,-18.1,-36153.0,98.2,-116.3
1115.0,-18.0,-36148.0,98.0,-116.0
1116.0,-18.0,-36143.0,97.8,-115.8
1117.0,-18.0,-36138.0,97.6,-115.6
1118.0,-17.9,-36132.0,97.4,-115.3
1119.0,-18.0,-36127.0,97.2,-115.2
1120.0,-18.0,-36122.0,97.0,-115.0
1121.0,-18.0,-36117.0,96.8,-114.8
1122.0,-18.0,-36112.0,96.6,-114.6
1123.0,-18.0,-36107.0,96.4,-114.4
1124.0,-18.0,-36102.0,96.2,-114.2
1125.0,-18.0,-36097.0,96.0,-114.0
1126.0,-17.9,-36092.0,95.8,-113.7
1127.0,-17.9,-36087.0,95.6,-113.5
1128.0,-17.9,-36081.0,95.4,-113.3
1129.0,-18.0,-36076.0,95.2,-113.2
1130.0,-18.0,-36071.0,95.0,-113.0
1131.0,-18.1,-36066.0,94.8,-112.9
1132.0,-18.1,-36061.0,94.6,-112.7
1133.0,-18.1,-36056.0,94.4,-112.5
1134.0,-18.1,-36051.0,94.2,-112.3
1135.0,-18.2,-36046.0,94.0,-112.2
1136.0,-18.3,-36041.0,93.8,-112.1
1137.0,-18.5,-36036.0,93.5,-112.0
1138.0,-18.8,-36031.0,93.3,-112.1
1139.0,-19.2,-36025.0,93.1,-112.3
1140.0,-19.6,-36020.0,92.9,-112.5
1141.0,-19.9,-36015.0,92.7,-112.6
1142.0,-20.3,-36010.0,92.5,-112.8
1143.0,-20.5,-36005.0,92.3,-112.8
1144.0,-20.6,-36000.0,92.1,-112.7
1145.0,-20.7,-35995.0,91.9,-112.6
1146.0,-20.7,-35990.0,91.7,-112.4
1147.0,-20.7,-35985.0,91.5,-112.2
1148.0,-20.6,-35980.0,91.3,-111.9
1149.0,-20.6,-35974.0,91.1,-111.7
1150.0,-20.5,-35969.0,90.9,-111.4
1151.0,-20.4,-35963.0,90.7,-111.1
1152.0,-20.2,-35958.0,90.4,-110.6
1153.0,-20.0,-35952.0,90.2,-110.2
1154.0,-19.6,-35946.0,90.0,-109.6
1155.0,-19.2,-35940.0,89.7,-108.9
1156.0,-18.7,-35934.0,89.5,-108.2
1157.0,-18.3,-35928.0,89.3,-107.6
1158.0,-17.8,-35922.0,89.0,-106.8
1159.0,-17.5,-35916.0,88.8,-106.3
1160.0,-17.1,-35911.0,88.5,-105.6
1161.0,-16.8,-35905.0,88.3,-105.1
1162.0,-16.5,-35899.0,88.1,-104.6
1163.0,-16.2,-35893.0,87.8,-104.0
1164.0,-15.9,-35887.0,87.6,-103.5
1165.0,-15.6,-35881.0,87.4,-103.0
1166.0,-15.4,-35875.0,87.1,-102.5
1167.0,-15.2,-35869.0,86.9,-102.1
1168.0,-15.1,-35863.0,86.7,-101.8
1169.0,-15.2,-35858.0,86.4,-101.6
1170.0,-15.3,-35852.0,86.2,-101.5
1171.0,-15.6,-35846.0,86.0,-101.6
1172.0,-15.7,-35840.0,85.7,-101.4
1173.0,-15.8,-35834.0,85.5,-101.3
1174.0,-15.9,-35828.0,85.3,-101.2
1175.0,-15.8,-35822.0,85.0,-100.8
1176.0,-15.7,-35816.0,84.8,-100.5
1177.0,-15.5,-35810.0,84.5,-100.0
1178.0,-15.3,-35805.0,84.3,-99.6
1179.0,-15.0,-35799.0,84.1,-99.1
1180.0,-14.8,-35793.0,83.8,-98.6
1181.0,-14.6,-35787.0,83.6,-98.2
1182.0,-14.5,-35781.0,83.4,-97.9
1183.0,-14.6,-35775.0,83.1,-97.7
1184.0,-14.7,-35769.0,82.9,-97.6
1185.0,-14.9,-35763.0,82.7,-97.6
1186.0,-15.2,-35758.0,82.4,-97.6
1187.0,-15.5,-35752.0,82.2,-97.7
1188.0,-15.7,-35746.0,82.0,-97.7
1189.0,-16.0,-35740.0,81.7,-97.7
1190.0,-16.2,-35734.0,81.5,-97.7
1191.0,-16.5,-35728.0,81.2,-97.7
1192.0,-16.9,-35722.0,81.0,-97.9
1193.0,-17.3,-35716.0,80.8,-98.1
1194.0,-17.8,-35710.0,80.5,-98.3
1195.0,-18.2,-35705.0,80.3,-98.5
1196.0,-18.5,-35699.0,80.1,-98.6
1197.0,-18.7,-35693.0,79.8,-98.5
1198.0,-18.7,-35687.0,79.6,-98.3
1199.0,-18.6,-35681.0,79.4,-98.0
1200.0,-18.5,-35675.0,79.1,-97.6
1201.0,-18.3,-35671.0,78.9,-97.2
1202.0,-18.1,-35666.0,78.8,-96.9
1203.0,-18.1,-35661.0,78.6,-96.7
1204.0,-18.0,-35657.0,78.4,-96.4
1205.0,-18.1,-35652.0,78.2,-96.3
1206.0,-18.2,-35648.0,78.0,-96.2
1207.0,-18.3,-35643.0,77.9,-96.2
1208.0,-18.4,-35639.0,77.7,-96.1
1209.0,-18.4,-35634.0,77.5,-95.9
1210.0,-18.4,-35630.0,77.3,-95.7
1211.0,-18.4,-35625.0,77.1,-95.5
1212.0,-18.3,-35621.0,76.9,-95.2
1213.0,-18.2,-35616.0,76.8,-95.0
1214.0,-18.1,-35611.0,76.6,-94.7
1215.0,-18.0,-35607.0,76.4,-94.4
1216.0,-17.7,-35602.0,76.2,-93.9
1217.0,-17.3,-35598.0,76.0,-93.3
1218.0,-16.8,-35593.0,75.9,-92.7
1219.0,-16.2,-35589.0,75.7,-91.9
1220.0,-15.6,-35584.0,75.5,-91.1
1221.0,-14.9,-35580.0,75.3,-90.2
1222.0,-14.4,-35575.0,75.1,-89.5
1223.0,-13.9,-35570.0,74.9,-88.8
1224.0,-13.5,-35566.0,74.8,-88.3
1225.0,-13.3,-35561.0,74.6,-87.9
1226.0,-13.1,-35557.0,74.4,-87.5
1227.0,-13.0,-35552.0,74.2,-87.2
1228.0,-12.9,-35548.0,74.0,-86.9
1229.0,-12.9,-35543.0,73.8,-86.7
1230.0,-12.8,-35539.0,73.7,-86.5
1231.0,-12.7,-35534.0,73.5,-86.2
1232.0,-12.7,-35529.0,73.3,-86.0
1233.0,-12.6,-35525.0,73.1,-85.7
1234.0,-12.6,-35520.0,72.9,-85.5
1235.0,-12.6,-35516.0,72.8,-85.4
1236.0,-12.7,-35511.0,72.6,-85.3
1237.0,-12.9,-35507.0,72.4,-85.3
1238.0,-13.1,-35502.0,72.2,-85.3
1239.0,-13.3,-35498.0,72.0,-85.3
1240.0,-13.6,-35493.0,71.8,-85.4
1241.0,-13.9,-35488.0,71.7,-85.6
1242.0,-14.1,-35484.0,71.5,-85.6
1243.0,-14.3,-35479.0,71.3,-85.6
1244.0,-14.6,-35475.0,71.1,-85.7
1245.0,-14.8,-35470.0,70.9,-85.7
1246.0,-15.0,-35466.0,70.8,-85.8
1247.0,-15.3,-35461.0,70.6,-85.9
1248.0,-15.5,-35457.0,70.4,-85.9
1249.0,-15.7,-35452.0,70.2,-85.9
1250.0,-15.9,-35447.0,70.0,-85.9
1251.0,-16.0,-35446.0,69.9,-85.9
1252.0,-16.0,-35444.0,69.9,-85.9
1253.0,-16.0,-35442.0,69.8,-85.8
1254.0,-16.0,-35440.0,69.7,-85.7
1255.0,-16.0,-35438.0,69.6,-85.6
1256.0,-16.1,-35436.0,69.6,-85.7
1257.0,-16.1,-35434.0,69.5,-85.6
1258.0,-16.1,-35432.0,69.4,-85.5
1259.0,-16.1,-35431.0,69.3,-85.4
1260.0,-15.9,-35429.0,69.3,-85.2
1261.0,-15.8,-35427.0,69.2,-85.0
1262.0,-15.6,-35425.0,69.1,-84.7
1263.0,-15.3,-35423.0,69.0,-84.3
1264.0,-15.1,-35421.0,69.0,-84.1
1265.0,-14.7,-35419.0,68.9,-83.6
1266.0,-14.4,-35417.0,68.8,-83.2
1267.0,-14.1,-35416.0,68.7,-82.8
1268.0,-13.8,-35414.0,68.7,-82.5
1269.0,-13.5,-35412.0,68.6,-82.1
1270.0,-13.2,-35410.0,68.5,-81.7
1271.0,-12.9,-35408.0,68.4,-81.3
1272.0,-12.7,-35406.0,68.4,-81.1
1273.0,-12.4,-35404.0,68.3,-80.7
1274.0,-12.1,-35402.0,68.2,-80.3
1275.0,-11.7,-35401.0,68.1,-79.8
1276.0,-11.1,-35399.0,68.1,-79.2
1277.0,-10.5,-35397.0,68.0,-78.5
1278.0,-9.8,-35395.0,67.9,-77.7
1279.0,-9.0,-35393.0,67.9,-76.9
1280.0,-8.3,-35391.0,67.8,-76.1
1281.0,-7.7,-35389.0,67.7,-75.4
1282.0,-7.2,-35388.0,67.6,-74.8
1283.0,-6.8,-35386.0,67.6,-74.4
1284.0,-6.5,-35384.0,67.5,-74.0
1285.0,-6.2,-35382.0,67.4,-73.6
1286.0,-6.0,-35380.0,67.3,-73.3
1287.0,-5.9,-35378.0,67.3,-73.2
1288.0,-5.7,-35376.0,67.2,-72.9
1289.0,-5.6,-35374.0,67.1,-72.7
1290.0,-5.5,-35373.0,67.0,-72.5
1291.0,-5.5,-35371.0,67.0,-72.5
1292.0,-5.4,-35369.0,66.9,-72.3
1293.0,-5.3,-35367.0,66.8,-72.1
1294.0,-5.3,-35365.0,66.7,-72.0
1295.0,-5.1,-35363.0,66.7,-71.8
1296.0,-4.9,-35361.0,66.6,-71.5
1297.0,-4.6,-35359.0,66.5,-71.1
1298.0,-4.2,-35358.0,66.4,-70.6
1299.0,-3.8,-35356.0,66.4,-70.2
1300.0,-3.4,-35354.0,66.3,-69.7
1301.0,-2.9,-35354.0,66.3,-69.2
1302.0,-2.5,-35355.0,66.3,-68.8
1303.0,-2.1,-35355.0,66.3,-68.4
1304.0,-1.7,-35356.0,66.4,-68.1
1305.0,-1.3,-35357.0,66.4,-67.7
1306.0,-0.9,-35357.0,66.4,-67.3
1307.0,-0.7,-35358.0,66.4,-67.1
1308.0,-0.5,-35358.0,66.5,-67.0
1309.0,-0.5,-35359.0,66.5,-67.0
1310.0,-0.5,-35359.0,66.5,-67.0
1311.0,-0.5,-35360.0,66.5,-67.0
1312.0,-0.6,-35360.0,66.5,-67.1
1313.0,-0.8,-35361.0,66.6,-67.4
1314.0,-0.9,-35361.0,66.6,-67.5
1315.0,-1.0,-35362.0,66.6,-67.6
1316.0,-1.1,-35363.0,66.6,-67.7
1317.0,-1.2,-35363.0,66.7,-67.9
1318.0,-1.1,-35364.0,66.7,-67.8
1319.0,-1.0,-35364.0,66.7,-67.7
1320.0,-0.7,-35365.0,66.7,-67.4
1321.0,-0.4,-35365.0,66.7,-67.1
1322.0,-0.0,-35366.0,66.8,-66.8
1323.0,0.4,-35366.0,66.8,-66.4
1324.0,0.8,-35367.0,66.8,-66.0
1325.0,1.3,-35368.0,66.8,-65.5
1326.0,1.8,-35368.0,66.8,-65.0
1327.0,2.2,-35369.0,66.9,-64.7
1328.0,2.5,-35369.0,66.9,-64.4
1329.0,2.7,-35370.0,66.9,-64.2
1330.0,2.8,-35370.0,66.9,-64.1
1331.0,2.7,-35371.0,67.0,-64.3
1332.0,2.6,-35371.0,67.0,-64.4
1333.0,2.3,-35372.0,67.0,-64.7
1334.0,2.0,-35372.0,67.0,-65.0
1335.0,1.8,-35373.0,67.0,-65.2
1336.0,1.5,-35374.0,67.1,-65.6
1337.0,1.2,-35374.0,67.1,-65.9
1338.0,1.0,-35375.0,67.1,-66.1
1339.0,0.8,-35375.0,67.1,-66.3
1340.0,0.7,-35376.0,67.2,-66.5
1341.0,0.6,-35376.0,67.2,-66.6
1342.0,0.5,-35377.0,67.2,-66.7
1343.0,0.3,-35377.0,67.2,-66.9
1344.0,0.2,-35378.0,67.2,-67.0
1345.0,-0.0,-35379.0,67.3,-67.3
1346.0,-0.2,-35379.0,67.3,-67.5
1347.0,-0.4,-35380.0,67.3,-67.7
1348.0,-0.6,-35380.0,67.3,-67.9
1349.0,-0.7,-35381.0,67.4,-68.1
1350.0,-0.9,-35381.0,67.4,-68.3
1351.0,-1.1,-35383.0,67.5,-68.6
1352.0,-1.4,-35385.0,67.5,-68.9
1353.0,-1.8,-35387.0,67.6,-69.4
1354.0,-2.4,-35389.0,67.7,-70.1
1355.0,-3.0,-35391.0,67.8,-70.8
1356.0,-3.7,-35393.0,67.8,-71.5
1357.0,-4.4,-35395.0,67.9,-72.3
1358.0,-5.0,-35397.0,68.0,-73.0
1359.0,-5.6,-35399.0,68.1,-73.7
1360.0,-6.1,-35401.0,68.2,-74.3
1361.0,-6.6,-35403.0,68.2,-74.8
1362.0,-7.1,-35405.0,68.3,-75.4
1363.0,-7.6,-35406.0,68.4,-76.0
1364.0,-8.1,-35408.0,68.5,-76.6
1365.0,-8.6,-35410.0,68.5,-77.1
1366.0,-9.2,-35412.0,68.6,-77.8
1367.0,-9.8,-35414.0,68.7,-78.5
1368.0,-10.3,-35416.0,68.8,-79.1
1369.0,-10.9,-35418.0,68.8,-79.7
1370.0,-11.5,-35420.0,68.9,-80.4
1371.0,-12.0,-35422.0,69.0,-81.0
1372.0,-12.5,-35424.0,69.1,-81.6
1373.0,-12.8,-35426.0,69.2,-82.0
1374.0,-13.0,-35428.0,69.2,-82.2
1375.0,-13.1,-35430.0,69.3,-82.4
1376.0,-13.0,-35432.0,69.4,-82.4
1377.0,-12.7,-35434.0,69.5,-82.2
1378.0,-12.3,-35436.0,69.5,-81.8
1379.0,-11.9,-35437.0,69.6,-81.5
1380.0,-11.5,-35439.0,69.7,-81.2
1381.0,-11.1,-35441.0,69.8,-80.9
1382.0,-10.9,-35443.0,69.9,-80.8
1383.0,-10.7,-35445.0,69.9,-80.6
1384.0,-10.6,-35447.0,70.0,-80.6
1385.0,-10.4,-35449.0,70.1,-80.5
1386.0,-10.3,-35451.0,70.2,-80.5
1387.0,-10.0,-35453.0,70.2,-80.2
1388.0,-9.7,-35455.0,70.3,-80.0
1389.0,-9.3,-35457.0,70.4,-79.7
1390.0,-8.8,-35459.0,70.5,-79.3
1391.0,-8.3,-35461.0,70.6,-78.9
1392.0,-7.8,-35463.0,70.6,-78.4
1393.0,-7.2,-35465.0,70.7,-77.9
1394.0,-6.7,-35467.0,70.8,-77.5
1395.0,-6.1,-35468.0,70.9,-77.0
1396.0,-5.6,-35470.0,70.9,-76.5
1397.0,-5.1,-35472.0,71.0,-76.1
1398.0,-4.7,-35474.0,71.1,-75.8
1399.0,-4.4,-35476.0,71.2,-75.6
1400.0,-4.1,-35478.0,71.3,-75.4
1401.0,-4.0,-35481.0,71.3,-75.3
1402.0,-3.9,-35483.0,71.4,-75.3
1403.0,-3.7,-35485.0,71.5,-75.2
1404.0,-3.4,-35488.0,71.6,-75.0
1405.0,-3.1,-35490.0,71.7,-74.8
1406.0,-2.7,-35493.0,71.8,-74.5
1407.0,-2.3,-35495.0,71.9,-74.2
1408.0,-1.9,-35497.0,72.0,-73.9
1409.0,-1.6,-35500.0,72.1,-73.7
1410.0,-1.2,-35502.0,72.2,-73.4
1411.0,-1.0,-35505.0,72.3,-73.3
1412.0,-0.8,-35507.0,72.4,-73.2
1413.0,-0.7,-35509.0,72.5,-73.2
1414.0,-0.7,-35512.0,72.6,-73.3
1415.0,-0.8,-35514.0,72.7,-73.5
1416.0,-0.9,-35517.0,72.8,-73.7
1417.0,-1.0,-35519.0,72.9,-73.9
1418.0,-1.0,-35522.0,73.0,-74.0
1419.0,-1.0,-35524.0,73.1,-74.1
1420.0,-0.8,-35526.0,73.2,-74.0
1421.0,-0.5,-35529.0,73.3,-73.8
1422.0,-0.1,-35531.0,73.4,-73.5
1423.0,0.3,-35534.0,73.5,-73.2
1424.0,0.8,-35536.0,73.6,-72.8
1425.0,1.3,-35538.0,73.7,-72.4
1426.0,1.6,-35541.0,73.8,-72.2
1427.0,1.9,-35543.0,73.9,-72.0
1428.0,2.0,-35546.0,73.9,-71.9
1429.0,2.0,-35548.0,74.0,-72.0
1430.0,2.0,-35550.0,74.1,-72.1
1431.0,2.0,-35553.0,74.2,-72.2
1432.0,2.1,-35555.0,74.3,-72.2
1433.0,2.3,-35558.0,74.4,-72.1
1434.0,2.5,-35560.0,74.5,-72.0
1435.0,2.7,-35562.0,74.6,-71.9
1436.0,3.1,-35565.0,74.7,-71.6
1437.0,3.4,-35567.0,74.8,-71.4
1438.0,3.7,-35570.0,74.9,-71.2
1439.0,3.9,-35572.0,75.0,-71.1
1440.0,4.1,-35575.0,75.1,-71.0
1441.0,4.3,-35577.0,75.2,-70.9
1442.0,4.6,-35579.0,75.3,-70.7
1443.0,4.9,-35582.0,75.4,-70.5
1444.0,5.2,-35584.0,75.5,-70.3
1445.0,5.5,-35587.0,75.6,-70.1
1446.0,5.8,-35589.0,75.7,-69.9
1447.0,6.2,-35591.0,75.8,-69.6
1448.0,6.6,-35594.0,75.9,-69.3
1449.0,6.9,-35596.0,76.0,-69.1
1450.0,7.0,-35599.0,76.1,-69.1
1451.0,7.2,-35600.0,76.1,-68.9
1452.0,7.3,-35602.0,76.2,-68.9
1453.0,7.5,-35603.0,76.2,-68.7
1454.0,7.8,-35605.0,76.3,-68.5
1455.0,8.1,-35606.0,76.4,-68.3
1456.0,8.6,-35608.0,76.4,-67.8
1457.0,9.1,-35609.0,76.5,-67.4
1458.0,9.6,-35611.0,76.5,-66.9
1459.0,10.0,-35612.0,76.6,-66.6
1460.0,10.3,-35613.0,76.7,-66.4
1461.0,10.5,-35615.0,76.7,-66.2
1462.0,10.4,-35616.0,76.8,-66.4
1463.0,10.1,-35618.0,76.8,-66.7
1464.0,9.9,-35619.0,76.9,-67.0
1465.0,9.6,-35621.0,77.0,-67.4
1466.0,9.5,-35622.0,77.0,-67.5
1467.0,9.4,-35624.0,77.1,-67.7
1468.0,9.5,-35625.0,77.1,-67.6
1469.0,9.5,-35627.0,77.2,-67.7
1470.0,9.4,-35628.0,77.3,-67.9
1471.0,9.3,-35630.0,77.3,-68.0
1472.0,9.3,-35631.0,77.4,-68.1
1473.0,9.4,-35633.0,77.4,-68.0
1474.0,9.6,-35634.0,77.5,-67.9
1475.0,9.9,-35636.0,77.6,-67.7
1476.0,10.1,-35637.0,77.6,-67.5
1477.0,10.3,-35639.0,77.7,-67.4
1478.0,10.5,-35640.0,77.7,-67.2
1479.0,10.6,-35642.0,77.8,-67.2
1480.0,10.7,-35643.0,77.9,-67.2
1481.0,10.8,-35645.0,77.9,-67.1
1482.0,10.8,-35646.0,78.0,-67.2
1483.0,10.7,-35648.0,78.0,-67.3
1484.0,10.6,-35649.0,78.1,-67.5
1485.0,10.4,-35651.0,78.2,-67.8
1486.0,10.3,-35652.0,78.2,-67.9
1487.0,10.3,-35654.0,78.3,-68.0
1488.0,10.2,-35655.0,78.3,-68.1
1489.0,10.2,-35657.0,78.4,-68.2
1490.0,10.2,-35658.0,78.5,-68.3
1491.0,10.3,-35660.0,78.5,-68.2
1492.0,10.3,-35661.0,78.6,-68.3
1493.0,10.4,-35663.0,78.6,-68.2
1494.0,10.4,-35664.0,78.7,-68.3
1495.0,10.5,-35666.0,78.7,-68.2
1496.0,10.5,-35667.0,78.8,-68.3
1497.0,10.5,-35669.0,78.9,-68.4
1498.0,10.4,-35670.0,78.9,-68.5
1499.0,10.4,-35672.0,79.0,-68.6
1500.0,10.3,-35673.0,79.0,-68.7
1501.0,10.2,-35672.0,79.0,-68.8
1502.0,10.2,-35670.0,78.9,-68.7
1503.0,10.2,-35669.0,78.9,-68.7
1504.0,10.2,-35668.0,78.8,-68.6
1505.0,10.1,-35666.0,78.8,-68.7
1506.0,10.1,-35665.0,78.7,-68.6
1507.0,10.2,-35664.0,78.7,-68.5
1508.0,10.2,-35663.0,78.6,-68.4
1509.0,10.3,-35661.0,78.6,-68.3
1510.0,10.4,-35660.0,78.5,-68.1
1511.0,10.4,-35659.0,78.5,-68.1
1512.0,10.5,-35657.0,78.4,-67.9
1513.0,10.5,-35656.0,78.4,-67.9
1514.0,10.4,-35655.0,78.3,-67.9
1515.0,10.2,-35653.0,78.3,-68.1
1516.0,10.1,-35652.0,78.2,-68.1
1517.0,10.0,-35651.0,78.2,-68.2
1518.0,10.0,-35649.0,78.1,-68.1
1519.0,10.0,-35648.0,78.1,-68.1
1520.0,10.2,-35647.0,78.0,-67.8
1521.0,10.4,-35646.0,77.9,-67.5
1522.0,10.6,-35644.0,77.9,-67.3
1523.0,10.9,-35643.0,77.8,-66.9
1524.0,11.2,-35642.0,77.8,-66.6
1525.0,11.5,-35640.0,77.7,-66.2
1526.0,11.9,-35639.0,77.7,-65.8
1527.0,12.3,-35638.0,77.6,-65.3
1528.0,12.6,-35636.0,77.6,-65.0
1529.0,12.9,-35635.0,77.5,-64.6
1530.0,13.1,-35634.0,77.5,-64.4
1531.0,13.3,-35632.0,77.4,-64.1
1532.0,13.4,-35631.0,77.4,-64.0
1533.0,13.4,-35630.0,77.3,-63.9
1534.0,13.3,-35629.0,77.3,-64.0
1535.0,13.1,-35627.0,77.2,-64.1
1536.0,12.8,-35626.0,77.2,-64.4
1537.0,12.4,-35625.0,77.1,-64.7
1538.0,12.0,-35623.0,77.1,-65.1
1539.0,11.7,-35622.0,77.0,-65.3
1540.0,11.3,-35621.0,77.0,-65.7
1541.0,11.0,-35619.0,76.9,-65.9
1542.0,10.8,-35618.0,76.8,-66.0
1543.0,10.6,-35617.0,76.8,-66.2
1544.0,10.5,-35615.0,76.7,-66.2
1545.0,10.5,-35614.0,76.7,-66.2
1546.0,10.6,-35613.0,76.6,-66.0
1547.0,10.6,-35612.0,76.6,-66.0
1548.0,10.5,-35610.0,76.5,-66.0
1549.0,10.3,-35609.0,76.5,-66.2
1550.0,10.0,-35608.0,76.4,-66.4
1551.0,9.6,-35602.0,76.2,-66.6
1552.0,9.2,-35597.0,76.0,-66.8
1553.0,8.9,-35592.0,75.8,-66.9
1554.0,8.6,-35586.0,75.6,-67.0
1555.0,8.3,-35581.0,75.4,-67.1
1556.0,8.1,-35576.0,75.2,-67.1
1557.0,7.8,-35571.0,74.9,-67.1
1558.0,7.5,-35565.0,74.7,-67.2
1559.0,7.1,-35560.0,74.5,-67.4
1560.0,6.8,-35555.0,74.3,-67.5
1561.0,6.5,-35549.0,74.1,-67.6
1562.0,6.3,-35544.0,73.9,-67.6
1563.0,6.2,-35539.0,73.7,-67.5
1564.0,6.3,-35533.0,73.5,-67.2
1565.0,6.3,-35528.0,73.3,-67.0
1566.0,6.4,-35523.0,73.0,-66.6
1567.0,6.4,-35518.0,72.8,-66.4
1568.0,6.3,-35512.0,72.6,-66.3
1569.0,6.1,-35507.0,72.4,-66.3
1570.0,5.8,-35502.0,72.2,-66.4
1571.0,5.5,-35496.0,72.0,-66.5
1572.0,5.2,-35491.0,71.8,-66.6
1573.0,4.9,-35486.0,71.6,-66.7
1574.0,4.5,-35480.0,71.3,-66.8
1575.0,4.2,-35475.0,71.1,-66.9
1576.0,4.0,-35470.0,70.9,-66.9
1577.0,3.7,-35465.0,70.7,-67.0
1578.0,3.5,-35459.0,70.5,-67.0
1579.0,3.2,-35454.0,70.3,-67.1
1580.0,3.1,-35449.0,70.1,-67.0
1581.0,2.9,-35443.0,69.9,-67.0
1582.0,2.8,-35438.0,69.6,-66.8
1583.0,2.7,-35433.0,69.4,-66.7
1584.0,2.6,-35427.0,69.2,-66.6
1585.0,2.5,-35422.0,69.0,-66.5
1586.0,2.4,-35417.0,68.8,-66.4
1587.0,2.2,-35412.0,68.6,-66.4
1588.0,2.0,-35406.0,68.4,-66.4
1589.0,1.6,-35401.0,68.2,-66.6
1590.0,1.2,-35396.0,68.0,-66.8
1591.0,0.8,-35390.0,67.7,-66.9
1592.0,0.3,-35385.0,67.5,-67.2
1593.0,-0.1,-35380.0,67.3,-67.4
1594.0,-0.4,-35374.0,67.1,-67.5
1595.0,-0.7,-35369.0,66.9,-67.6
1596.0,-0.9,-35364.0,66.7,-67.6
1597.0,-1.1,-35359.0,66.5,-67.6
1598.0,-1.3,-35353.0,66.3,-67.6
1599.0,-1.6,-35348.0,66.0,-67.6
1600.0,-1.9,-35343.0,65.8,-67.7
1601.0,-2.3,-35333.0,65.4,-67.7
1602.0,-2.8,-35323.0,65.0,-67.8
1603.0,-3.2,-35313.0,64.6,-67.8
1604.0,-3.6,-35303.0,64.3,-67.9
1605.0,-3.8,-35293.0,63.9,-67.7
1606.0,-3.9,-35283.0,63.5,-67.4
1607.0,-3.8,-35274.0,63.1,-66.9
1608.0,-3.6,-35264.0,62.7,-66.3
1609.0,-3.5,-35254.0,62.3,-65.8
1610.0,-3.5,-35244.0,61.9,-65.4
1611.0,-3.5,-35234.0,61.5,-65.0
1612.0,-3.6,-35224.0,61.1,-64.7
1613.0,-3.7,-35214.0,60.7,-64.4
1614.0,-3.8,-35204.0,60.3,-64.1
1615.0,-3.8,-35194.0,59.9,-63.7
1616.0,-3.7,-35185.0,59.5,-63.2
1617.0,-3.5,-35175.0,59.1,-62.6
1618.0,-3.2,-35165.0,58.7,-61.9
1619.0,-2.9,-35155.0,58.3,-61.2
1620.0,-2.5,-35145.0,57.9,-60.4
1621.0,-2.1,-35135.0,57.5,-59.6
1622.0,-1.8,-35125.0,57.1,-58.9
1623.0,-1.6,-35115.0,56.7,-58.3
1624.0,-1.6,-35106.0,56.3,-57.9
1625.0,-1.7,-35096.0,56.0,-57.7
1626.0,-1.8,-35086.0,55.6,-57.4
1627.0,-2.0,-35076.0,55.2,-57.2
1628.0,-2.1,-35066.0,54.8,-56.9
1629.0,-2.1,-35056.0,54.4,-56.5
1630.0,-1.9,-35046.0,54.0,-55.9
1631.0,-1.7,-35036.0,53.6,-55.3
1632.0,-1.3,-35027.0,53.2,-54.5
1633.0,-0.9,-35017.0,52.8,-53.7
1634.0,-0.5,-35007.0,52.4,-52.9
1635.0,-0.0,-34997.0,52.0,-52.0
1636.0,0.4,-34987.0,51.6,-51.2
1637.0,0.7,-34977.0,51.2,-50.5
1638.0,1.1,-34967.0,50.8,-49.7
1639.0,1.4,-34957.0,50.4,-49.0
1640.0,1.8,-34947.0,50.0,-48.2
1641.0,2.2,-34938.0,49.6,-47.4
1642.0,2.6,-34928.0,49.2,-46.6
1643.0,3.0,-34918.0,48.8,-45.8
1644.0,3.3,-34908.0,48.4,-45.1
1645.0,3.6,-34898.0,48.0,-44.4
1646.0,3.9,-34888.0,47.7,-43.8
1647.0,4.2,-34878.0,47.3,-43.1
1648.0,4.5,-34868.0,46.9,-42.4
1649.0,4.7,-34859.0,46.5,-41.8
1650.0,4.9,-34849.0,46.1,-41.2
1651.0,5.1,-34836.0,45.6,-40.5
1652.0,5.2,-34823.0,45.0,-39.8
1653.0,5.2,-34810.0,44.5,-39.3
1654.0,5.3,-34797.0,44.0,-38.7
1655.0,5.4,-34784.0,43.5,-38.1
1656.0,5.5,-34771.0,43.0,-37.5
1657.0,5.7,-34758.0,42.5,-36.8
1658.0,5.9,-34746.0,41.9,-36.0
1659.0,6.2,-34733.0,41.4,-35.2
1660.0,6.6,-34720.0,40.9,-34.3
1661.0,7.0,-34707.0,40.4,-33.4
1662.0,7.3,-34694.0,39.9,-32.6
1663.0,7.7,-34681.0,39.4,-31.7
1664.0,8.0,-34668.0,38.9,-30.9
1665.0,8.4,-34655.0,38.3,-29.9
1666.0,8.8,-34643.0,37.8,-29.0
1667.0,9.2,-34630.0,37.3,-28.1
1668.0,9.7,-34617.0,36.8,-27.1
1669.0,10.2,-34604.0,36.3,-26.1
1670.0,10.7,-34591.0,35.8,-25.1
1671.0,11.1,-34578.0,35.2,-24.1
1672.0,11.4,-34565.0,34.7,-23.3
1673.0,11.5,-34552.0,34.2,-22.7
1674.0,11.5,-34539.0,33.7,-22.2
1675.0,11.4,-34527.0,33.2,-21.8
1676.0,11.3,-34514.0,32.7,-21.4
1677.0,11.2,-34501.0,32.2,-21.0
1678.0,11.2,-34488.0,31.6,-20.4
1679.0,11.3,-34475.0,31.1,-19.8
1680.0,11.4,-34462.0,30.6,-19.2
1681.0,11.6,-34449.0,30.1,-18.5
1682.0,11.9,-34436.0,29.6,-17.7
1683.0,12.1,-34423.0,29.1,-17.0
1684.0,12.4,-34411.0,28.5,-16.1
1685.0,12.7,-34398.0,28.0,-15.3
1686.0,13.0,-34385.0,27.5,-14.5
1687.0,13.2,-34372.0,27.0,-13.8
1688.0,13.5,-34359.0,26.5,-13.0
1689.0,13.8,-34346.0,26.0,-12.2
1690.0,14.0,-34333.0,25.5,-11.5
1691.0,14.3,-34320.0,24.9,-10.6
1692.0,14.5,-34308.0,24.4,-9.9
1693.0,14.8,-34295.0,23.9,-9.1
1694.0,15.1,-34282.0,23.4,-8.3
1695.0,15.4,-34269.0,22.9,-7.5
1696.0,15.7,-34256.0,22.4,-6.7
1697.0,16.1,-34243.0,21.8,-5.7
1698.0,16.3,-34230.0,21.3,-5.0
1699.0,16.6,-34217.0,20.8,-4.2
1700.0,16.7,-34204.0,20.3,-3.6
1701.0,16.8,-34191.0,19.8,-3.0
1702.0,16.8,-34177.0,19.2,-2.4
1703.0,16.6,-34164.0,18.7,-2.1
1704.0,16.5,-34150.0,18.1,-1.6
1705.0,16.3,-34137.0,17.6,-1.3
1706.0,16.1,-34123.0,17.0,-0.9
1707.0,16.1,-34109.0,16.5,-0.4
1708.0,16.1,-34096.0,16.0,0.1
1709.0,16.2,-34082.0,15.4,0.8
1710.0,16.3,-34069.0,14.9,1.4
1711.0,16.5,-34055.0,14.3,2.2
1712.0,16.5,-34042.0,13.8,2.7
1713.0,16.6,-34028.0,13.2,3.4
1714.0,16.6,-34014.0,12.7,3.9
1715.0,16.6,-34001.0,12.2,4.4
1716.0,16.5,-33987.0,11.6,4.9
1717.0,16.2,-33974.0,11.1,5.1
1718.0,15.8,-33960.0,10.5,5.3
1719.0,15.2,-33947.0,10.0,5.2
1720.0,14.6,-33933.0,9.4,5.2
1721.0,14.0,-33919.0,8.9,5.1
1722.0,13.3,-33906.0,8.4,4.9
1723.0,12.7,-33892.0,7.8,4.9
1724.0,12.1,-33879.0,7.3,4.8
1725.0,11.5,-33865.0,6.7,4.8
1726.0,10.9,-33851.0,6.2,4.7
1727.0,10.2,-33838.0,5.6,4.6
1728.0,9.5,-33824.0,5.1,4.4
1729.0,8.8,-33811.0,4.6,4.2
1730.0,8.0,-33797.0,4.0,4.0
1731.0,7.4,-33784.0,3.5,3.9
1732.0,6.9,-33770.0,2.9,4.0
1733.0,6.5,-33756.0,2.4,4.1
1734.0,6.2,-33743.0,1.8,4.4
1735.0,6.0,-33729.0,1.3,4.7
1736.0,5.8,-33716.0,0.8,5.0
1737.0,5.5,-33702.0,0.2,5.3
1738.0,5.2,-33689.0,-0.3,5.5
1739.0,4.7,-33675.0,-0.9,5.6
1740.0,4.3,-33661.0,-1.4,5.7
1741.0,3.7,-33648.0,-2.0,5.7
1742.0,3.3,-33634.0,-2.5,5.8
1743.0,2.9,-33621.0,-3.0,5.9
1744.0,2.6,-33607.0,-3.6,6.2
1745.0,2.4,-33594.0,-4.1,6.5
1746.0,2.2,-33580.0,-4.7,6.9
1747.0,2.2,-33566.0,-5.2,7.4
1748.0,2.1,-33553.0,-5.8,7.9
1749.0,2.1,-33539.0,-6.3,8.4
1750.0,2.2,-33526.0,-6.8,9.0
1751.0,2.3,-33512.0,-7.4,9.7
1752.0,2.5,-33498.0,-8.0,10.5
1753.0,2.8,-33484.0,-8.5,11.3
1754.0,3.0,-33470.0,-9.1,12.1
1755.0,3.3,-33456.0,-9.6,12.9
1756.0,3.5,-33442.0,-10.2,13.7
1757.0,3.6,-33428.0,-10.8,14.4
1758.0,3.5,-33414.0,-11.3,14.8
1759.0,3.3,-33400.0,-11.9,15.2
1760.0,2.9,-33386.0,-12.4,15.3
1761.0,2.4,-33372.0,-13.0,15.4
1762.0,1.9,-33358.0,-13.5,15.4
1763.0,1.4,-33344.0,-14.1,15.5
1764.0,0.9,-33330.0,-14.7,15.6
1765.0,0.4,-33316.0,-15.2,15.6
1766.0,-0.1,-33302.0,-15.8,15.7
1767.0,-0.5,-33288.0,-16.3,15.8
1768.0,-0.9,-33274.0,-16.9,16.0
1769.0,-1.1,-33261.0,-17.5,16.4
1770.0,-1.2,-33247.0,-18.0,16.8
1771.0,-1.1,-33233.0,-18.6,17.5
1772.0,-0.9,-33219.0,-19.1,18.2
1773.0,-0.7,-33205.0,-19.7,19.0
1774.0,-0.5,-33191.0,-20.2,19.7
1775.0,-0.5,-33177.0,-20.8,20.3
1776.0,-0.6,-33163.0,-21.4,20.8
1777.0,-1.0,-33149.0,-21.9,20.9
1778.0,-1.5,-33135.0,-22.5,21.0
1779.0,-2.2,-33121.0,-23.0,20.8
1780.0,-3.0,-33107.0,-23.6,20.6
1781.0,-3.8,-33093.0,-24.2,20.4
1782.0,-4.6,-33079.0,-24.7,20.1
1783.0,-5.3,-33065.0,-25.3,20.0
1784.0,-6.0,-33051.0,-25.8,19.8
1785.0,-6.6,-33037.0,-26.4,19.8
1786.0,-7.2,-33023.0,-26.9,19.7
1787.0,-7.8,-33009.0,-27.5,19.7
1788.0,-8.3,-32995.0,-28.1,19.8
1789.0,-8.7,-32981.0,-28.6,19.9
1790.0,-9.0,-32968.0,-29.2,20.2
1791.0,-9.0,-32954.0,-29.7,20.7
1792.0,-8.9,-32940.0,-30.3,21.4
1793.0,-8.5,-32926.0,-30.8,22.3
1794.0,-7.9,-32912.0,-31.4,23.5
1795.0,-7.0,-32898.0,-32.0,25.0
1796.0,-6.0,-32884.0,-32.5,26.5
1797.0,-5.0,-32870.0,-33.1,28.1
1798.0,-4.0,-32856.0,-33.6,29.6
1799.0,-3.3,-32842.0,-34.2,30.9
1800.0,-2.7,-32828.0,-34.8,32.1
1801.0,-2.3,-32815.0,-35.3,33.0
1802.0,-2.1,-32802.0,-35.8,33.7
1803.0,-2.0,-32789.0,-36.3,34.3
1804.0,-1.9,-32776.0,-36.9,35.0
1805.0,-1.8,-32762.0,-37.4,35.6
1806.0,-1.6,-32749.0,-37.9,36.3
1807.0,-1.3,-32736.0,-38.4,37.1
1808.0,-0.8,-32723.0,-38.9,38.1
1809.0,-0.3,-32710.0,-39.5,39.2
1810.0,0.4,-32697.0,-40.0,40.4
1811.0,1.1,-32684.0,-40.5,41.6
1812.0,1.6,-32671.0,-41.0,42.6
1813.0,2.1,-32658.0,-41.6,43.7
1814.0,2.4,-32645.0,-42.1,44.5
1815.0,2.7,-32631.0,-42.6,45.3
1816.0,2.8,-32618.0,-43.1,45.9
1817.0,2.9,-32605.0,-43.7,46.6
1818.0,2.9,-32592.0,-44.2,47.1
1819.0,2.9,-32579.0,-44.7,47.6
1820.0,2.7,-32566.0,-45.2,47.9
1821.0,2.6,-32553.0,-45.8,48.4
1822.0,2.5,-32540.0,-46.3,48.8
1823.0,2.5,-32527.0,-46.8,49.3
1824.0,2.5,-32514.0,-47.3,49.8
1825.0,2.7,-32500.0,-47.9,50.6
1826.0,2.8,-32487.0,-48.4,51.2
1827.0,2.9,-32474.0,-48.9,51.8
1828.0,2.9,-32461.0,-49.4,52.3
1829.0,2.7,-32448.0,-50.0,52.7
1830.0,2.4,-32435.0,-50.5,52.9
1831.0,1.9,-32422.0,-51.0,52.9
1832.0,1.4,-32409.0,-51.5,52.9
1833.0,0.7,-32396.0,-52.1,52.8
1834.0,0.0,-32382.0,-52.6,52.6
1835.0,-0.6,-32369.0,-53.1,52.5
1836.0,-1.3,-32356.0,-53.6,52.3
1837.0,-1.8,-32343.0,-54.1,52.3
1838.0,-2.2,-32330.0,-54.7,52.5
1839.0,-2.5,-32317.0,-55.2,52.7
1840.0,-2.7,-32304.0,-55.7,53.0
1841.0,-2.8,-32291.0,-56.2,53.4
1842.0,-2.9,-32278.0,-56.8,53.9
1843.0,-2.8,-32265.0,-57.3,54.5
1844.0,-2.8,-32251.0,-57.8,55.0
1845.0,-2.8,-32238.0,-58.3,55.5
1846.0,-2.9,-32225.0,-58.9,56.0
1847.0,-2.9,-32212.0,-59.4,56.5
1848.0,-3.0,-32199.0,-59.9,56.9
1849.0,-3.2,-32186.0,-60.4,57.2
1850.0,-3.4,-32173.0,-61.0,57.6
1851.0,-3.6,-32159.0,-61.5,57.9
1852.0,-3.8,-32146.0,-62.0,58.2
1853.0,-4.0,-32132.0,-62.6,58.6
1854.0,-4.2,-32119.0,-63.1,58.9
1855.0,-4.3,-32105.0,-63.7,59.4
1856.0,-4.3,-32092.0,-64.2,59.9
1857.0,-4.3,-32078.0,-64.7,60.4
1858.0,-4.4,-32065.0,-65.3,60.9
1859.0,-4.4,-32051.0,-65.8,61.4
1860.0,-4.6,-32038.0,-66.4,61.8
1861.0,-4.9,-32024.0,-66.9,62.0
1862.0,-5.1,-32011.0,-67.4,62.3
1863.0,-5.4,-31997.0,-68.0,62.6
1864.0,-5.6,-31984.0,-68.5,62.9
1865.0,-5.6,-31970.0,-69.1,63.5
1866.0,-5.6,-31957.0,-69.6,64.0
1867.0,-5.5,-31943.0,-70.1,64.6
1868.0,-5.5,-31930.0,-70.7,65.2
1869.0,-5.5,-31916.0,-71.2,65.7
1870.0,-5.7,-31903.0,-71.8,66.1
1871.0,-6.0,-31889.0,-72.3,66.3
1872.0,-6.3,-31876.0,-72.8,66.5
1873.0,-6.7,-31862.0,-73.4,66.7
1874.0,-7.0,-31849.0,-73.9,66.9
1875.0,-7.1,-31835.0,-74.5,67.4
1876.0,-7.1,-31822.0,-75.0,67.9
1877.0,-7.0,-31808.0,-75.5,68.5
1878.0,-6.8,-31795.0,-76.1,69.3
1879.0,-6.5,-31781.0,-76.6,70.1
1880.0,-6.2,-31768.0,-77.2,71.0
1881.0,-6.0,-31754.0,-77.7,71.7
1882.0,-6.0,-31741.0,-78.2,72.2
1883.0,-6.1,-31727.0,-78.8,72.7
1884.0,-6.3,-31714.0,-79.3,73.0
1885.0,-6.5,-31700.0,-79.9,73.4
1886.0,-6.7,-31687.0,-80.4,73.7
1887.0,-6.8,-31673.0,-80.9,74.1
1888.0,-6.8,-31660.0,-81.5,74.7
1889.0,-6.7,-31646.0,-82.0,75.3
1890.0,-6.4,-31633.0,-82.6,76.2
1891.0,-6.1,-31619.0,-83.1,77.0
1892.0,-5.8,-31606.0,-83.6,77.8
1893.0,-5.6,-31592.0,-84.2,78.6
1894.0,-5.5,-31579.0,-84.7,79.2
1895.0,-5.6,-31565.0,-85.3,79.7
1896.0,-5.7,-31552.0,-85.8,80.1
1897.0,-5.8,-31538.0,-86.3,80.5
1898.0,-5.9,-31525.0,-86.9,81.0
1899.0,-5.9,-31511.0,-87.4,81.5
1900.0,-5.9,-31498.0,-88.0,82.1
1901.0,-5.9,-31479.0,-88.7,82.8
1902.0,-6.0,-31461.0,-89.5,83.5
1903.0,-6.3,-31442.0,-90.2,83.9
1904.0,-6.7,-31423.0,-90.9,84.2
1905.0,-7.2,-31405.0,-91.7,84.5
1906.0,-7.8,-31386.0,-92.4,84.6
1907.0,-8.4,-31368.0,-93.2,84.8
1908.0,-8.9,-31349.0,-93.9,85.0
1909.0,-9.4,-31331.0,-94.6,85.2
1910.0,-9.7,-31312.0,-95.4,85.7
1911.0,-10.0,-31294.0,-96.1,86.1
1912.0,-10.2,-31275.0,-96.9,86.7
1913.0,-10.4,-31257.0,-97.6,87.2
1914.0,-10.7,-31238.0,-98.4,87.7
1915.0,-11.0,-31219.0,-99.1,88.1
1916.0,-11.5,-31201.0,-99.8,88.3
1917.0,-11.9,-31182.0,-100.6,88.7
1918.0,-12.4,-31164.0,-101.3,88.9
1919.0,-12.9,-31145.0,-102.1,89.2
1920.0,-13.4,-31127.0,-102.8,89.4
1921.0,-13.8,-31108.0,-103.5,89.7
1922.0,-14.1,-31090.0,-104.3,90.2
1923.0,-14.5,-31071.0,-105.0,90.5
1924.0,-14.9,-31053.0,-105.8,90.9
1925.0,-15.4,-31034.0,-106.5,91.1
1926.0,-16.0,-31015.0,-107.3,91.3
1927.0,-16.5,-30997.0,-108.0,91.5
1928.0,-17.1,-30978.0,-108.7,91.6
1929.0,-17.5,-30960.0,-109.5,92.0
1930.0,-17.8,-30941.0,-110.2,92.4
1931.0,-17.9,-30923.0,-111.0,93.1
1932.0,-18.0,-30904.0,-111.7,93.7
1933.0,-18.0,-30886.0,-112.5,94.5
1934.0,-17.9,-30867.0,-113.2,95.3
1935.0,-17.9,-30848.0,-113.9,96.0
1936.0,-18.0,-30830.0,-114.7,96.7
1937.0,-18.3,-30811.0,-115.4,97.1
1938.0,-18.6,-30793.0,-116.2,97.6
1939.0,-19.1,-30774.0,-116.9,97.8
1940.0,-19.7,-30756.0,-117.6,97.9
1941.0,-20.3,-30737.0,-118.4,98.1
1942.0,-20.9,-30719.0,-119.1,98.2
1943.0,-21.5,-30700.0,-119.9,98.4
1944.0,-22.0,-30682.0,-120.6,98.6
1945.0,-22.5,-30663.0,-121.4,98.9
1946.0,-22.9,-30644.0,-122.1,99.2
1947.0,-23.3,-30626.0,-122.8,99.5
1948.0,-23.8,-30607.0,-123.6,99.8
1949.0,-24.1,-30589.0,-124.3,100.2
1950.0,-24.5,-30570.0,-125.1,100.6
